Unnamed: 0,name,address,cuisine,lat,lon,image_url,rating,coordinates,square_i,square_j
4260,Tenderbest Makcik Tuckshop,Tenderbest Makcik Tuckshop - Mega-Woodlands [Islandwide Delivery],"[""Halal"", ""Western"", ""Same Prices In-Store"", ""Salad"", ""Chicken""]",1.4386976,103.8065115,https://d1sag4ddilekf6.cloudfront.net/compressed/merchants/4-CYXHCJMXPBAYDE/hero/7193beeba7374074b7ade426c75883b3_1583228015036841335.jpeg,4.5,"[1.4386976, 103.8065115]",7,6
4270,HAO Halal Hub,HAO Halal Hub - Woodlands Drive 50 [Islandwide Delivery],"[""Groceries"", ""Mart"", ""Islandwide Delivery"", ""Frozen Food""]",1.435748,103.79171,https://d1sag4ddilekf6.cloudfront.net/compressed/merchants/4-C2NJELCKHANGJE/hero/bfbe777549624c15bcfa7165e4437699_1619432404091437529.png,5.0,"[1.435748, 103.79171]",7,6
4342,Artea,Artea - Causeway Point [Islandwide Delivery],"[""Dessert"", ""Tea"", ""Beverages"", ""Snack"", ""Islandwide Delivery""]",1.4357937000000005,103.7859062,https://d1sag4ddilekf6.cloudfront.net/compressed/merchants/4-CZBWTTE3WALXJA/hero/a5d84581dd2949ef9f90185fba661f85_1604021624135702972.jpeg,4.5,"[1.4357937000000005, 103.7859062]",7,6
4453,Rice-and-Shine by Farlee,Rice-and-Shine by Farlee - Mega @ Woodlands ,"[""Local"", ""Islandwide Delivery"", ""Mart"", ""Rice""]",1.4379242621249402,103.80676745853944,https://d1sag4ddilekf6.cloudfront.net/compressed/merchants/4-C2BYCLLCLLKFRX/hero/8c28e8b78dc244088eb0a90a52c0906c_1603597579542090496.jpeg,,"[1.4379242621249402, 103.80676745853944]",7,6
4753,Tai-Croissant,Tai-Croissant - Causeway Point,"[""Pastries"", ""Snack"", ""Western""]",1.4359292625,103.78614156858768,https://d1sag4ddilekf6.cloudfront.net/compressed/merchants/4-CYTJPBN1UFDYJT/hero/15a716e7ccb8430181dadf01e934ca13_1570547560306094997.jpeg,4.3,"[1.4359292625, 103.78614156858768]",7,6
4943,The Manhattan FISH MARKET,The Manhattan Fish Market - Causeway Point [Islandwide Delivery],"[""Seafood"", ""Pasta"", ""Western"", ""Halal"", ""Islandwide Delivery""]",1.43613055,103.78629612922668,https://d1sag4ddilekf6.cloudfront.net/compressed/merchants/SGDD09286/hero/5fd94733eb064128be6cb372d83ffc97_1607249884404679204.jpeg,4.2,"[1.43613055, 103.78629612922668]",7,6
14438,Al Bismi Indian Muslim Food,Al Bismi Indian Muslim Food - Woodlands Ave 1,"[""Indian""]",1.4326087,103.7867329,https://d1sag4ddilekf6.cloudfront.net/compressed/merchants/4-CY3GALNFJXMTTT/hero/5665ecdf2137484b9958ae74d47eba27_1575597137829521017.jpeg,3.5,"[1.4326087, 103.7867329]",7,6
14441,Cathay Cineplex,Cathay Cineplex - Causeway Point,"[""Coffee & Tea"", ""Convenience"", ""Dessert"", ""Fast Food""]",1.435579843,103.7854343,https://d1sag4ddilekf6.cloudfront.net/compressed/merchants/4-C2MUARCHL8N1SA/hero/509c434c257742f9988a426d4422de8c_1617103847672348026.jpg,5.0,"[1.435579843, 103.7854343]",7,6
14444,Texas Chicken,Texas Chicken - Causeway Point,"[""Western"", ""Fast Food"", ""Halal"", ""Chicken"", ""Beverages""]",1.4356855,103.78546333312988,https://d1sag4ddilekf6.cloudfront.net/compressed/merchants/SGDD02072/hero/51cf52ebf7ec4713ae38f4c7730ffe79_1615965649133355972.jpeg,4.1,"[1.4356855, 103.78546333312988]",7,6
14447,Chic-a-boo,Chic-a-boo - Woods Square,"[""Fast Food"", ""Fried Chicken"", ""Local"", ""Snack""]",1.43527940604291,103.785881013672,https://d1sag4ddilekf6.cloudfront.net/compressed/merchants/4-C2UAVJLKA3NXKE/hero/eed45e0a1edf4d7cb12215c1300f14e9_1622457471993887374.jpeg,4.0,"[1.43527940604291, 103.785881013672]",7,6
14451,Ayam Penyet Ria,Ayam Penyet Ria - Woods Square,"[""Halal"", ""Chicken"", ""Asian""]",1.43500349,103.78615394,https://d1sag4ddilekf6.cloudfront.net/compressed/merchants/SGDD12127/hero/21d9f88c46974a2cbfbbd33e75094169_1580795025559642903.jpeg,4.2,"[1.43500349, 103.78615394]",7,6
14461,Monster Planet,Monster Planet - Causeway Point,"[""Japanese"", ""Asian"", ""Halal""]",1.435816,103.7858885,https://d1sag4ddilekf6.cloudfront.net/compressed/merchants/4-C2CEAFNYAKJGR2/hero/f02d4ca5c9424f52b7f3755b435d17db_1622805972839275121.jpeg,4.6,"[1.435816, 103.7858885]",7,6
14465,Nasi Lemak 1,Nasi Lemak 1 - Woods Square,"[""Asian""]",1.435418389,103.7861734,https://d1sag4ddilekf6.cloudfront.net/compressed/merchants/4-C2LFVECVV6LXG6/hero/bf02bdc4cdb04688997b5155b058fb4f_1614591053085618611.jpg,,"[1.435418389, 103.7861734]",7,6
14468,Sunlife Durian Puffs & Pastries,Sunlife Durian Puffs & Pastries - Causeway Point [Islandwide Delivery],"[""Mart"", ""Durian"", ""Snacks"", ""Bakery"", ""Dessert""]",1.4359176,103.78594512781436,https://d1sag4ddilekf6.cloudfront.net/compressed/merchants/SGDD09268/hero/upload-photo-Hero_Photo_8108b1bf772c4d59b2b4156bf0e8994c_1554975178420949812.jpeg,4.7,"[1.4359176, 103.78594512781436]",7,6
14470,Papparich,Papparich - Causeway Point,"[""Local"", ""Noodles"", ""Halal""]",1.4358311,103.78613745,https://d1sag4ddilekf6.cloudfront.net/compressed/merchants/4-CZC2CLCUEY2JT6/hero/b7856621ec3c4f339e25885df73cef36_1589517569933420939.png,4.3,"[1.4358311, 103.78613745]",7,6
14483,Yeh Ting,Yeh Ting - Woodlands Civic Centre,"[""Asian"", ""Chicken"", ""Chinese"", ""Local""]",1.4350437,103.786817875,https://d1sag4ddilekf6.cloudfront.net/compressed/merchants/4-C2BVJ7MDKBWJGT/hero/877dcaf8d08c43b1a721c3fea16420cb_1603260629178124117.jpeg,4.0,"[1.4350437, 103.786817875]",7,6
14488,Seabay Delights,Seabay Delights - Causeway Point,"[""Local"", ""Halal""]",1.436031,103.7862285,https://d1sag4ddilekf6.cloudfront.net/compressed/merchants/4-CYUASGNXNUETNX/hero/884573b75195477f890c83549ca17d42_1563247190154261366.jpeg,4.1,"[1.436031, 103.7862285]",7,6
14491,Kaffe & Toast,Kaffe & Toast - Woodlands Civic Centre,"[""Halal"", ""Breakfast & Brunch"", ""Western"", ""Coffee"", ""Tea""]",1.4352072419143838,103.78696382046002,https://d1sag4ddilekf6.cloudfront.net/compressed/merchants/SGDD00617/hero/b0d0c5a507ad45b28e81302b47e66ca0_1568970290251534841.jpeg,4.4,"[1.4352072419143838, 103.78696382046002]",7,6
14496,Dip N Go,Dip N Go - Woodlands MRT Station,"[""Local"", ""Snack"", ""Halal"", ""Western"", ""Chicken""]",1.4365536245966488,103.7862448,https://d1sag4ddilekf6.cloudfront.net/compressed/merchants/4-CZDXJTBVELDGJE/hero/cf16eaa278944b7c93d3fbd914317fd7_1588908071858408105.jpeg,4.4,"[1.4365536245966488, 103.7862448]",7,6
14511,Sheng Noodles,Sheng Noodles - Woodlands Ave 1,"[""Chinese"", ""Seafood"", ""Same Prices In-Store""]",1.43282,103.7851,https://d1sag4ddilekf6.cloudfront.net/compressed/merchants/4-CYMCJ7XURE4AJN/hero/d8558a6707084c3683be73455ce6ce26_1567760163729524449.jpg,4.3,"[1.43282, 103.7851]",7,6
14526,Sowl Coffee,Sowl Coffee - Woods Square,"[""Beverages"", ""Coffee & Tea"", ""Snack""]",1.43493976488206,103.78591859014688,https://d1sag4ddilekf6.cloudfront.net/compressed/merchants/4-C2KCJ7CDPAVYDE/hero/271d6414194d463da4729f2a933153f4_1612247443726390073.jpg,5.0,"[1.43493976488206, 103.78591859014688]",7,6
14534,Aburi,Aburi-EN - Causeway Point,"[""Japanese"", ""Asian""]",1.435646108,103.7854955,https://d1sag4ddilekf6.cloudfront.net/compressed/merchants/4-CY6KCTA2WEV2TE/hero/d1e07f76ec7148dea32acd40eb6430fe_1590995247788598343.jpeg,4.4,"[1.435646108, 103.7854955]",7,6
14539,The HandBurger,The HandBurger - Woods Square,"[""Breakfast & Brunch"", ""Chicken"", ""Western"", ""Burger""]",1.435025946590909,103.78605673159726,https://d1sag4ddilekf6.cloudfront.net/compressed/merchants/4-C2EWUFKXCNBHCE/hero/8c3ff7e8889e41fc93d1375c19da8da7_1609390423678058052.jpeg,4.1,"[1.435025946590909, 103.78605673159726]",7,6
14547,nomVnom Xpress,nomVnom Xpress - Woods Square,"[""Bubble Tea"", ""Fast Food"", ""Vegetarian Friendly"", ""Vegan"", ""Burger""]",1.4349563012364257,103.78618678549714,https://d1sag4ddilekf6.cloudfront.net/compressed/merchants/4-C2MBGPVHAY2EAE/hero/5c4bf106bc4940719579190ae64482b8_1617100491082010736.png,4.6,"[1.4349563012364257, 103.78618678549714]",7,6
14548,innisfree,innisfree - Causeway Point #01-24,"[""Mart"", ""Health & Wellness"", ""Health & Beauty"", ""Wellness""]",1.4359112525000002,103.78568948552632,https://d1sag4ddilekf6.cloudfront.net/compressed/merchants/4-CZM2DCDKCAM1JN/hero/27bcb0008ff7440d8a52156cc21b2e36_1597824947593280080.png,4.9,"[1.4359112525000002, 103.78568948552632]",7,6
14549,Sanook Kitchen,Sanook Kitchen - Woods Square,"[""Thai"", ""Halal"", ""Seafood""]",1.435376462556448,103.7862009262683,https://d1sag4ddilekf6.cloudfront.net/compressed/merchants/4-C2CKDFVDNTEGJE/hero/eeb162ec5b1645a6bf9cbdf021c48abf_1604975803984045090.jpeg,4.0,"[1.435376462556448, 103.7862009262683]",7,6
14550,Idaten Udon,Idaten Udon - Causeway Point,"[""Japanese""]",1.4356824892792446,103.78602256707194,https://d1sag4ddilekf6.cloudfront.net/compressed/merchants/4-CZJYVBM1RNVKE6/hero/2087b014102e46a589f949374abcf43d_1604199696930752404.jpeg,4.5,"[1.4356824892792446, 103.78602256707194]",7,6
14551,Each A Cup,Each A Cup - Causeway Point,"[""Bubble Tea"", ""Asian"", ""Beverages"", ""Tea""]",1.4359404558269802,103.78593803724424,https://d1sag4ddilekf6.cloudfront.net/compressed/merchants/4-C2CDTRBWRLCYL6/hero/0351822750694c71bbcd41e5e41f12cf_1604387440327390212.png,4.7,"[1.4359404558269802, 103.78593803724424]",7,6
14558,Rollie Olie,Rollie Olie - Woods Square,"[""Japanese"", ""Seafood"", ""Healthy"", ""Sushi""]",1.434776105132489,103.78575460333728,https://d1sag4ddilekf6.cloudfront.net/compressed/merchants/SGDD01953/hero/upload-photo-Hero_Photo_d533d29067f54058a73edd0ad256a00e_1554951976620801060.jpeg,4.6,"[1.434776105132489, 103.78575460333728]",7,6
14560,Greathai,Greathai - Causeway Point,"[""Asian"", ""Thai""]",1.4359834476190476,103.78614324111555,https://d1sag4ddilekf6.cloudfront.net/compressed/merchants/4-C2B1RNCAAVDCNT/hero/39e2f3dd8cec47d3b1eed8c8c88f4f48_1620963513563632293.jpeg,4.5,"[1.4359834476190476, 103.78614324111555]",7,6
14562,Wester,Wester - Causeway Point,"[""Western""]",1.435899,103.7862493,https://d1sag4ddilekf6.cloudfront.net/compressed/merchants/4-C2CFRJ4ZR7WJHA/hero/cbdaaeedc3774b8797d87d7dede94af6_1620014140782503523.jpeg,4.3,"[1.435899, 103.7862493]",7,6
14563,Rocky Master,Rocky Master - Woods Square,"[""Asian"", ""Beverages"", ""Western""]",1.4346034,103.7861591,https://d1sag4ddilekf6.cloudfront.net/compressed/merchants/4-C2EUJ8CDHA6HAA/hero/cde0189e41fa472daff15a69d797c0da_1609149490690564972.jpeg,4.5,"[1.4346034, 103.7861591]",7,6
14565,Tartini Kitchen Pasta & Grill,Tartini Kitchen Pasta & Grill - Causeway Point,"[""Western"", ""Local"", ""Same Prices In-Store"", ""Singaporean""]",1.436018592,103.7862573,https://d1sag4ddilekf6.cloudfront.net/compressed/merchants/4-CZKYVKJCNAE3FA/hero/627faf3654ca4044be5ac19890464e6e_1597213869499672964.jpeg,3.2,"[1.436018592, 103.7862573]",7,6
14566,Xpressflower.com,Xpressflower - Causeway Point,"[""Local"", ""Flowers"", ""Mart""]",1.4356139,103.7855374,https://d1sag4ddilekf6.cloudfront.net/compressed/merchants/4-CZATRPAFA8KHLT/hero/004ef5b570e64d28944506aa75eb1501_1581317075356824535.jpeg,4.8,"[1.4356139, 103.7855374]",7,6
14567,Dough Culture,Dough Culture - Causeway Point,"[""Asian"", ""Snack"", ""Halal"", ""Dim Sum""]",1.4362390204567816,103.78630144270994,https://d1sag4ddilekf6.cloudfront.net/compressed/merchants/SGDD11088/hero/DoughCulture_Hero_16x9.jpg,4.6,"[1.4362390204567816, 103.78630144270994]",7,6
14569,Sushi Takeout,Sushi Takeout - Woodlands Mrt Station,"[""Japanese"", ""Sushi"", ""Asian"", ""Healthy"", ""Islandwide Delivery""]",1.4365577413333332,103.78625660676124,https://d1sag4ddilekf6.cloudfront.net/compressed/merchants/4-CYLXGEMBCTNYAX/hero/ff5f76df809b4165b5031b004cfda959_1572187214911408463.png,4.4,"[1.4365577413333332, 103.78625660676124]",7,6
14570,The Salad Fork,The Salad Fork - Woods Square,"[""Breakfast & Brunch"", ""Chicken"", ""Healthy"", ""Salad""]",1.435048418456985,103.7860494,https://d1sag4ddilekf6.cloudfront.net/compressed/merchants/4-C2EWFATYNRBKJ2/hero/b797f98c80654f93b6f5c901fdc6d557_1609377950231255057.jpeg,4.3,"[1.435048418456985, 103.7860494]",7,6
14571,Sharetea,Sharetea - Woodlands Mrt Station,"[""Same Prices In-Store"", ""Beverages"", ""Bubble Tea"", ""Snack"", ""Dessert""]",1.436437179211012,103.7866556644459,https://d1sag4ddilekf6.cloudfront.net/compressed/merchants/SGDD10182/hero/43078e7d555445c881be684f0feaa214_1569764384601442596.jpeg,4.6,"[1.436437179211012, 103.7866556644459]",7,6
14576,Ya Kun Family Café,Ya Kun Family Café - Causeway Point,"[""Local"", ""Breakfast & Brunch"", ""Same Prices In-Store""]",1.4357941,103.7858142852783,https://d1sag4ddilekf6.cloudfront.net/compressed/merchants/4-CZBXTBCAJRLBVN/hero/6be1e86b5a384af39deb4b8766db55f1_1585745928118144265.jpeg,4.3,"[1.4357941, 103.7858142852783]",7,6
14580,Korean Fried Chicken,Korean Fried Chicken - Woods Square,"[""Korean"", ""Fried Chicken""]",1.435418389,103.7861734,https://d1sag4ddilekf6.cloudfront.net/compressed/merchants/4-C2LFVECWBCJXGJ/hero/40c51e1a65f248d9818e600bcbecb4a7_1614591053184531812.jpg,,"[1.435418389, 103.7861734]",7,6
14584,Milksha,Milksha - Woods Square,"[""Beverages"", ""Bubble Tea"", ""Ice Cream"", ""Dessert""]",1.4354187,103.7862032,https://d1sag4ddilekf6.cloudfront.net/compressed/merchants/4-C2EVEX6ZRKMKV2/hero/1ccdeaea2d2e4fe386cce2081a991cc2_1610104410950962583.jpeg,4.6,"[1.4354187, 103.7862032]",7,6
14589,9PM Kkochi Korean Skewers,9PM Kkochi Korean Skewers - Causeway Point,"[""Korean"", ""Asian""]",1.4359472,103.78594159185776,https://d1sag4ddilekf6.cloudfront.net/compressed/merchants/4-CYN2GYVYCY4UGJ/hero/27d0e96efa024c94a300c1521a5c9032_1584439102607750931.jpeg,4.5,"[1.4359472, 103.78594159185776]",7,6
14595,Mix & Match Malls (Food) - Woodlands,Mix & Match Malls (Food) - Woodlands,"[""Western"", ""Pho"", ""Japanese"", ""Nasi Lemak"", ""Korean""]",1.4359232,103.7861975968421,https://d1sag4ddilekf6.cloudfront.net/compressed/merchants/4-C2CJVTUCR7JYWA/hero/f3541aeb83c746ca804942c6146f5ec5_1604984780078232066.jpeg,4.1,"[1.4359232, 103.7861975968421]",7,6
14602,Toast Box,Toast Box - Causeway Point,"[""Beverages"", ""Local"", ""Coffee"", ""Sandwiches"", ""Tea""]",1.4361174565987271,103.78610841974196,https://d1sag4ddilekf6.cloudfront.net/compressed/merchants/SGDD11239/hero/5509fc0d4d8b4b149a52f4e620368c2b_1610963567567877864.jpeg,4.2,"[1.4361174565987271, 103.78610841974196]",7,6
14610,D'Laksa,D'Laksa - Causeway Point,"[""Asian"", ""Local"", ""Noodles""]",1.4360317,103.78625076190372,https://d1sag4ddilekf6.cloudfront.net/compressed/merchants/4-CZCYLE3TTF5VEX/hero/06535cdb679940d4b45c2c8183bfef61_1589337069251097628.jpeg,4.5,"[1.4360317, 103.78625076190372]",7,6
14613,Devil Chicken,Devil Chicken - Causeway Point,"[""Fast Food""]",1.4363167830404393,103.78633269817897,https://d1sag4ddilekf6.cloudfront.net/compressed/merchants/4-C2TJC7V3FGKJT2/hero/6c38ce6ae45d4ee38db33df613912a0f_1620817659435885595.jpg,5.0,"[1.4363167830404393, 103.78633269817897]",7,6
14617,Chicha San Chen,CHICHA San Chen - Woodlands Mrt Station,"[""Bubble Tea"", ""Beverages""]",1.43664016,103.7862296,https://d1sag4ddilekf6.cloudfront.net/compressed/merchants/4-CZDUA3WDMF2ZCX/hero/ad2628a04db74729bf5ce10eb4ac8d42_1587453540877116717.jpeg,4.6,"[1.43664016, 103.7862296]",7,6
14619,Shu Liu Xiang,Shu Liu Xiang - Woodlands MRT Station,"[""Local"", ""Asian"", ""Chinese""]",1.436745137778931,103.7866476,https://d1sag4ddilekf6.cloudfront.net/compressed/merchants/4-CZDGPB2JNBBCHE/hero/bbe1f19827cd46cc84ec2dc752a5b2ff_1586668711823443006.jpg,4.0,"[1.436745137778931, 103.7866476]",7,6
14929,Konjiki Hototogisu,konjiki Hototogisu - Causeway Point,"[""Ramen"", ""Noodles"", ""Same Prices In-Store"", ""Japanese""]",1.4356549,103.7854755,https://d1sag4ddilekf6.cloudfront.net/compressed/merchants/4-CZJBFCKXRUDEUE/hero/1db0f74429704fc99d152b1b70913bff_1590136947426233385.jpeg,4.1,"[1.4356549, 103.7854755]",7,6
14932,Kuriya Japanese Market,Kuriya Japanese Market - Causeway Point,"[""Groceries"", ""Japanese"", ""Mart""]",1.4356923,103.7855363,https://d1sag4ddilekf6.cloudfront.net/compressed/merchants/4-C2DYCFVFLX5EVX/hero/78ba42604c6e4ace8d94763387ef45df_1608539639096190536.jpeg,4.6,"[1.4356923, 103.7855363]",7,6
14941,Hei Sushi,Hei Sushi - Woodlands Civic Centre,"[""Japanese"", ""Halal""]",1.434586647,103.7864766,https://d1sag4ddilekf6.cloudfront.net/compressed/merchants/4-C2T2LJVHVF4YC2/hero/c8cfe78a3b724e028be63f7567f37b88_1621927743941485490.jpeg,5.0,"[1.434586647, 103.7864766]",7,6
14946,Crystal Jade Hong Kong Kitchen,Crystal Jade - Causeway Point,"[""Chinese"", ""Dim Sum"", ""Noodles"", ""Seafood""]",1.4357957866994298,103.7858335644412,https://d1sag4ddilekf6.cloudfront.net/compressed/merchants/SGDD05987/hero/d82192add8bb4635991b1754987680cd_1621310091009356178.jpeg,4.3,"[1.4357957866994298, 103.7858335644412]",7,6
14951,Buttermilk Fried Chicken,Buttermilk Fried Chicken - Woods Square,"[""Western""]",1.435418389,103.7861734,https://d1sag4ddilekf6.cloudfront.net/compressed/merchants/4-C2LFVECWBBBKL6/hero/109a92a73c5b4a959ba996529f793f6a_1614591053177143657.jpg,,"[1.435418389, 103.7861734]",7,6
14954,Famous Amos,Famous Amos - Causeway Point,"[""Mart"", ""Snacks"", ""Dessert""]",1.4358632,103.7859402,https://d1sag4ddilekf6.cloudfront.net/compressed/merchants/4-CYMWWBDDEJVWMA/hero/57de2ce6cf3a496ab2eaaab59ac99bfe_1619234079327638138.jpeg,4.8,"[1.4358632, 103.7859402]",7,6
14956,Emicakes,Emicakes - Causeway Point,"[""Cake"", ""Mart"", ""Snacks"", ""Bakery"", ""Dessert""]",1.43587432,103.7860076,https://d1sag4ddilekf6.cloudfront.net/compressed/merchants/SGDD06523/hero/10d44e8833614312a5dd6fdec2f2c16f_1567152175381077977.jpeg,4.7,"[1.43587432, 103.7860076]",7,6
14960,Lao Huo Tang Restaurant,Lao Huo Tang Restaurant - Causeway Point,"[""Chicken"", ""Chinese"", ""Asian""]",1.4358630666666667,103.78623922857145,https://d1sag4ddilekf6.cloudfront.net/compressed/merchants/4-CYTEJ7MCAKMECA/hero/925edef8b8a34268b9209ca1cfc53bbf_1561610408316380293.jpeg,4.5,"[1.4358630666666667, 103.78623922857145]",7,6
14964,Handmade Noodles,Handmade Noodles - Causeway Point,"[""Noodles"", ""Local"", ""Halal""]",1.4360606499046895,103.78618274272976,https://d1sag4ddilekf6.cloudfront.net/compressed/merchants/4-CZDUGJV2JXWZKE/hero/b8953fae603946a5986f237a6df54ab3_1596424510349039177.png,4.2,"[1.4360606499046895, 103.78618274272976]",7,6
14966,Beef Bro Nasi Lemak,Beef Bro Nasi Lemak - Causeway Point,"[""Asian"", ""Indonesian"", ""Local"", ""Malaysian"", ""Singaporean""]",1.4360083414320712,103.78629993402176,https://d1sag4ddilekf6.cloudfront.net/compressed/merchants/4-C2JVEXCBRRKUL2/hero/3dc010f6afdb475b8bfd1214929d1a9e_1611279206618830737.jpeg,4.0,"[1.4360083414320712, 103.78629993402176]",7,6
14968,BreadTalk,Breadtalk - Causeway Point,"[""Snacks"", ""Mart""]",1.4363933044582928,103.7862846,https://d1sag4ddilekf6.cloudfront.net/compressed/merchants/4-CZBGA3BFGJMKN2/hero/57ab2711acb44df38f8adec02f47f933_1590985537185515697.jpeg,4.6,"[1.4363933044582928, 103.7862846]",7,6
14970,Jollibee,Jollibee - Woodlands Mrt Station,"[""Western"", ""Chicken"", ""Pasta"", ""Fast Food"", ""Halal""]",1.4365750000000002,103.78638863563536,https://d1sag4ddilekf6.cloudfront.net/compressed/merchants/4-CY31EGMFCETGT2/hero/1260e0143a1b4bc690cbfa01c4955f68_1592449630232099259.jpeg,4.3,"[1.4365750000000002, 103.78638863563536]",7,6
15088,PastaMania,PastaMania - Causeway Point,"[""Halal"", ""Italian"", ""Same Prices In-Store"", ""Pasta""]",1.435722,103.7854814,https://d1sag4ddilekf6.cloudfront.net/compressed/merchants/4-C2EVGKDDCJ6VKE/hero/f2927e14a6aa48ba847db29b3e65ba5e_1609250141813465221.jpeg,4.5,"[1.435722, 103.7854814]",7,6
15089,Ichiban Bento,Ichiban Bento - Causeway Point,"[""Same Prices In-Store"", ""Japanese""]",1.435701033333333,103.78556483333335,https://d1sag4ddilekf6.cloudfront.net/compressed/merchants/4-CYUXNNKACNAHNN/hero/f5e0ae882d97450f8509ea82f23eff11_1564629300648954118.jpeg,4.4,"[1.435701033333333, 103.78556483333335]",7,6
15094,Dian Xiao Er,Dian Xiao Er - Causeway Point,"[""Chinese"", ""Chicken"", ""Asian""]",1.435898653780967,103.78592070436753,https://d1sag4ddilekf6.cloudfront.net/compressed/merchants/4-C2TTLVCFDBTXGA/hero/f63a3cd154c3479f9b40a7d817d10632_1621066426151509680.jpeg,4.2,"[1.435898653780967, 103.78592070436753]",7,6
15097,Sushiro,Sushiro - Causeway Point,"[""Japanese"", ""Sushi"", ""Kids Friendly""]",1.43584224,103.786156,https://d1sag4ddilekf6.cloudfront.net/compressed/merchants/4-CZDKKGLEJCAETE/hero/f0df4770ad5f4efa9ae53af9f4e6e8c7_1587101381015649060.png,4.3,"[1.43584224, 103.786156]",7,6
15099,KNS Restaurant,KNS Restaurant - ACE Community Club,"[""Indian"", ""Local"", ""Noodles""]",1.427638530731201,103.7924961,https://d1sag4ddilekf6.cloudfront.net/compressed/merchants/4-CYUASGNWUA4JCX/hero/d0da5dc617924c398d25f6cde5afe0fc_1597487314187323269.jpeg,4.3,"[1.427638530731201, 103.7924961]",7,6
15103,Causeway Point (Mart Mix & Match),Mix & Match Malls (Mart) - Woodlands,"[""Mart"", ""Pharmacy/Health"", ""Health & Beauty"", ""Cupcakes"", ""Pet Care & Accessories""]",1.4359130317095143,103.78619867178352,https://d1sag4ddilekf6.cloudfront.net/compressed/merchants/4-C2CGGB4XN2CUT2/hero/d02241458fd74d1d9031083a7c4062e2_1604890085382800299.png,4.8,"[1.4359130317095143, 103.78619867178352]",7,6
15110,Boost Juice Bars,Boost Juice Bars - Causeway Point,"[""Beverages"", ""Healthy""]",1.4360290624505296,103.78628630875204,https://d1sag4ddilekf6.cloudfront.net/compressed/merchants/4-CZCZKCBHA8EHVA/hero/1d5545ebc31b4368a9869db586049f91_1587631670692964981.jpeg,4.7,"[1.4360290624505296, 103.78628630875204]",7,6
15115,Lao Ban,Lao Ban - Woodlands Mrt Station,"[""Asian"", ""Beverages"", ""Dessert"", ""Bubble Tea""]",1.4365429530531912,103.78629954974376,https://d1sag4ddilekf6.cloudfront.net/compressed/merchants/SGDD11892/hero/laoban_hero_16x9.jpg,4.8,"[1.4365429530531912, 103.78629954974376]",7,6
15122,Canadian Pizza,Canadian Pizza - Woodlands Street 81,"[""Pizza"", ""Halal""]",1.4410547,103.7868219,https://d1sag4ddilekf6.cloudfront.net/compressed/merchants/4-CZCATJAALXDELA/hero/000310bd5a46408499f866c180b03167_1604999271050359238.png,4.4,"[1.4410547, 103.7868219]",7,6
15126,Rise & Rice,Rise & Rice - Woodlands Drive 50,"[""Western"", ""Salad"", ""Pasta"", ""Japanese"", ""Soup""]",1.43657865,103.7891919,https://d1sag4ddilekf6.cloudfront.net/compressed/merchants/4-CZL2G3WUBFVUL6/hero/9a4ef39db2584a4495295437ef5e269f_1595855455144392536.png,3.9,"[1.43657865, 103.7891919]",7,6
15128,Swensen's,Swensen's - Causeway Point [Islandwide Delivery],"[""Halal"", ""Western"", ""Chicken"", ""Dessert"", ""Same Prices In-Store""]",1.4356302,103.7855342,https://d1sag4ddilekf6.cloudfront.net/compressed/merchants/SGDD10019/hero/LLjYP_AH.jpeg,4.4,"[1.4356302, 103.7855342]",7,6
15131,Chowhound Western Grill,Chowhound Western Grill - Woodlands Drive 14,"[""Western"", ""Grilled Chicken"", ""Pasta"", ""Fish & Chips"", ""Burger""]",1.4340611019655984,103.79000827137922,https://d1sag4ddilekf6.cloudfront.net/compressed/merchants/4-CY4JJ7DFALACGT/hero/ace90e8995254091b105a62cd5e576e5_1602820178069099542.jpeg,4.6,"[1.4340611019655984, 103.79000827137922]",7,6
15133,Delifrance,Delifrance - Causeway Point,"[""Bakery & Cake"", ""Halal"", ""Beverages""]",1.4357459524832024,103.78563327359984,https://d1sag4ddilekf6.cloudfront.net/compressed/merchants/4-CZMAACLEUEAUSA/hero/918bcaa07b36462aa57c0ab8a510d524_1596009437887800692.jpeg,4.1,"[1.4357459524832024, 103.78563327359984]",7,6
15138,Nur's Malay Food Stall,Nur's Malay Food Stall - Woodlands Street 83,"[""Local"", ""Beverages"", ""Noodles""]",1.4398727607666018,103.7908146,https://d1sag4ddilekf6.cloudfront.net/compressed/merchants/4-CYTZKCM1GJ62LT/hero/3a297c77bd6546a9be13595024c5783f_1567759425027602101.jpg,4.3,"[1.4398727607666018, 103.7908146]",7,6
15140,Crave,Crave - Causeway Point,"[""Chicken"", ""Halal"", ""Local""]",1.4359655999999998,103.7859657801332,https://d1sag4ddilekf6.cloudfront.net/compressed/merchants/4-C2AVR3CFAT2YGN/hero/934ce95ac7c34a2bb6b3eee7d6289c57_1601279661686170993.jpeg,4.4,"[1.4359655999999998, 103.7859657801332]",7,6
15142,883 Korean Food,883 Korean Food - Woodlands North Plaza,"[""Japanese"", ""Korean""]",1.4423762,103.790718,https://d1sag4ddilekf6.cloudfront.net/compressed/merchants/4-C2T3JBXDGKCWLE/hero/1b766a10da3c4ae28349dabfd6ceebef_1621940683397567680.jpg,,"[1.4423762, 103.790718]",7,6
15147,Fun Toast,Fun Toast - Woods Square,"[""Asian"", ""Beverages"", ""Coffee & Tea"", ""Local"", ""Singaporean""]",1.4354772053333331,103.786211,https://d1sag4ddilekf6.cloudfront.net/compressed/merchants/4-C2CYA333V6WAN2/hero/809405fda0194b8fa544ad522f0c019e_1610170871292266955.jpeg,4.6,"[1.4354772053333331, 103.786211]",7,6
15149,King's Taste,King's Taste - Vista Point [Islandwide Delivery],"[""Fast Food"", ""Pasta"", ""Western"", ""Fried Chicken"", ""Steak""]",1.4311691,103.7942288,https://d1sag4ddilekf6.cloudfront.net/compressed/merchants/4-CZDFTFBTA7XVRA/hero/3f34fdc6642a49bb8906b67bdafc61ef_1586583957530813269.jpeg,4.0,"[1.4311691, 103.7942288]",7,6
15152,Xin Fu Ji Local Delights,Xin Fu Ji Local Delights - 888 Plaza,"[""Chinese"", ""Local"", ""Noodles""]",1.436902667,103.7951449,https://d1sag4ddilekf6.cloudfront.net/compressed/merchants/4-C2NCTVAETTEYGT/hero/ea40cbbabf8f493bb18b99e6e80bc36d_1618284804959301850.jpg,5.0,"[1.436902667, 103.7951449]",7,6
15153,The Body Shop,The Body Shop - Causeway Point #01-31,"[""Wellness"", ""Health & Wellness"", ""Mart"", ""Health & Beauty""]",1.4360103,103.7861950593331,https://d1sag4ddilekf6.cloudfront.net/compressed/merchants/4-CZJWJ2UBJJEZEN/hero/2d6c9456ca5947c7b3784c0fed150dd7_1598261406901545955.jpeg,4.8,"[1.4360103, 103.7861950593331]",7,6
15158,Timperio,Timperio - Primz Bizhub,"[""Mart"", ""Grocery""]",1.4347953727272726,103.80465913636364,https://d1sag4ddilekf6.cloudfront.net/compressed/merchants/4-CZMHA7UVSBKBAE/hero/31544ccf5a6846e0876291f4ddabaa7d_1596727026624358767.png,,"[1.4347953727272726, 103.80465913636364]",7,6
15160,Mr. Coconut,Mr. Coconut - Causeway Point,"[""Ice Cream"", ""Beverages"", ""Dessert""]",1.4360265,103.7862889,https://d1sag4ddilekf6.cloudfront.net/compressed/merchants/4-CZDDLPJGJT4ATJ/hero/73a4a669c1db4f56ab3334ace13e9c10_1586353509820442381.jpg,4.8,"[1.4360265, 103.7862889]",7,6
15163,Shihlin Taiwan Street Snacks,Shihlin Taiwan Street Snacks - Woodlands Exchange,"[""Chicken"", ""Asian"", ""Snack"", ""Seafood""]",1.4365636,103.7865479,https://d1sag4ddilekf6.cloudfront.net/compressed/merchants/4-CYTGCXWVPGMYEN/hero/4211eed308744aa0ac030feb2e04cbe1_1617592915171203871.jpeg,4.4,"[1.4365636, 103.7865479]",7,6
15172,Khun Thai,Khun Thai - Woodlands Mrt,"[""Thai"", ""Noodles"", ""Chicken"", ""Chinese"", ""Halal""]",1.4369910716176384,103.7870148,https://d1sag4ddilekf6.cloudfront.net/compressed/merchants/SGDD10802/hero/Khun_Thai_Woodlands_Mrt.jpg,4.2,"[1.4369910716176384, 103.7870148]",7,6
15174,Hao Kee Seafood Deluxe,Hao Kee Seafood Deluxe - Woodlands,"[""Noodles"", ""Same Prices In-Store"", ""Chinese"", ""Local""]",1.44174817,103.7868357,https://d1sag4ddilekf6.cloudfront.net/compressed/merchants/4-CZDYEXTZKA5VN6/hero/ddf8ae09fb7e4a39b35759eee1509f16_1598448570330188403.jpeg,4.0,"[1.44174817, 103.7868357]",7,6
15177,Si Chuan Ming Xiao Chi La Mian . Xiao Long Bao,Si Chuan Ming Xiao Chi La Mian . Xiao Long Bao - Woodlands Drive 50,"[""Asian"", ""Chinese""]",1.4365673401636634,103.7891985,https://d1sag4ddilekf6.cloudfront.net/compressed/merchants/SGDD10315/hero/4e28955e6a9240abb1c9924ba14ff70e_1576123420897978886.png,4.1,"[1.4365673401636634, 103.7891985]",7,6
15179,Joyful Palace Mala Fragrance Hot Pot 怡乐坊麻辣香锅,Joyful Palace Mala Fragrance Hot Pot 怡乐坊麻辣香锅 - Woodlands Drive 14,"[""Asian"", ""Chinese"", ""Singaporean""]",1.4340858954974,103.79004402525128,https://d1sag4ddilekf6.cloudfront.net/compressed/merchants/4-C2CYBBJET8ADNX/hero/216400e90a7945bfacc12fee86fae67b_1605508505018471015.jpg,3.9,"[1.4340858954974, 103.79004402525128]",7,6
15180,Western'licious,Western'licious - Woodlands Street 83,"[""Western"", ""Muslim""]",1.4398817,103.7908233,https://d1sag4ddilekf6.cloudfront.net/compressed/merchants/4-CYNKN8BUVKMCAJ/hero/75r-24bits-100kb-fd5cf879cccc52cfde9e7603d675d3972db403ea387f6f43176d907e9cf374ca-0e89e7e76f6e4962801cd851ef3ac4d1_1564393474315842806.jpeg,3.8,"[1.4398817, 103.7908233]",7,6
15183,Taste Of Ching,Taste Of Ching - Woodlands North Plaza,"[""Chicken"", ""Chinese"", ""Fried Chicken"", ""Local"", ""Malaysian""]",1.4423762,103.790718,https://d1sag4ddilekf6.cloudfront.net/compressed/merchants/4-C2NURJCGGEN1NE/hero/cbf45b019d604d3d825a0546adf08d10_1619172046437054577.jpg,4.5,"[1.4423762, 103.790718]",7,6
15190,Thye Guan Fragrance Hot Pot,Thye Guan Fragrance Hot Pot - Vista Point,"[""Chinese"", ""Asian"", ""Islandwide Delivery""]",1.431252,103.79424718333333,https://d1sag4ddilekf6.cloudfront.net/compressed/merchants/4-CYLWEJT2RTLFN6/hero/5cbbd88a1a70483e95e7810417889f53_1568344180177619555.jpeg,4.1,"[1.431252, 103.79424718333333]",7,6
15192,Gong Cha,Gong Cha - Causeway Point,"[""Bubble Tea"", ""Beverages""]",1.4357210118202346,103.78552394548996,https://d1sag4ddilekf6.cloudfront.net/compressed/merchants/4-CYU2NXUULYDTNA/hero/4da36184c7d24ac1b2159d6a81b3b39a_1619791009331301704.jpeg,4.5,"[1.4357210118202346, 103.78552394548996]",7,6
15193,Dragonfly Mala Hotpot,Dragonfly Mala Hotpot 龙飞麻辣香锅 - 888 Plaza,"[""Chinese""]",1.437612,103.795248,https://d1sag4ddilekf6.cloudfront.net/compressed/merchants/4-CYVGLNMHNKTZTJ/hero/da06ffe1d47f428e88b086b05ca50403_1568107211591080898.jpeg,3.9,"[1.437612, 103.795248]",7,6
15194,Tuk Tuk Cha,Tuk Tuk Cha - Causeway Point,"[""Asian"", ""Beverages"", ""Thai""]",1.4357409,103.7856341902268,https://d1sag4ddilekf6.cloudfront.net/compressed/merchants/4-C2AXJAVDMACEFE/hero/23163d6a7ff64edbbc142cf3669319d1_1613531197393771907.jpeg,3.7,"[1.4357409, 103.7856341902268]",7,6
15197,Snackz It!,Snackz It! - Causeway Point,"[""Local"", ""Chicken"", ""Snack""]",1.4359382919698334,103.7859917047346,https://d1sag4ddilekf6.cloudfront.net/compressed/merchants/4-CYLXGET2G8LDUE/hero/upload-photo-Hero_Photo_e2cfcdc92f3b486f9232facc64c60b9e_1556794120620337813.png,4.3,"[1.4359382919698334, 103.7859917047346]",7,6
15199,Xiao Man Niu Mala Hot Pot,Xiao Man Niu Mala Hot Pot - Causeway Point,"[""Chinese"", ""Halal"", ""Local"", ""Mala Xiang Guo""]",1.43601736,103.7861449133412,https://d1sag4ddilekf6.cloudfront.net/compressed/merchants/4-CZNAAZNEUFKANA/hero/48ae456efffe4515ac005bc88e784244_1598063564456935785.jpeg,4.1,"[1.43601736, 103.7861449133412]",7,6
15201,Tik,Tik - Primz Bizhub,"[""Groceries"", ""Pet Food""]",1.435459186626929,103.80482918089922,https://d1sag4ddilekf6.cloudfront.net/compressed/merchants/4-C2EBT34YERAFKE/hero/5f27564ee7e342deaeb4355f5dba6158_1608195852504366375.jpeg,5.0,"[1.435459186626929, 103.80482918089922]",7,6
15202,Pezzo,Pezzo - Woodlands Square,"[""Halal"", ""Pizza"", ""Seafood"", ""Chicken""]",1.435943765546682,103.78621791487852,https://d1sag4ddilekf6.cloudfront.net/compressed/merchants/SGDD05372/hero/adc7005a88744801be43f02dbb9caa68_1612162995844339290.jpeg,4.3,"[1.435943765546682, 103.78621791487852]",7,6
15205,Xing Fu Tang,Xing Fu Tang - Causeway Point,"[""Bubble Tea"", ""Beverages"", ""Local"", ""Pastries"", ""Chinese""]",1.4361,103.78628499966304,https://d1sag4ddilekf6.cloudfront.net/compressed/merchants/4-CY5ZVJ5DNFBFPE/hero/2737f4c3c88942f8a65c9f1843d30d06_1578293470632317618.jpeg,4.6,"[1.4361, 103.78628499966304]",7,6
15208,Juewei,Juewei 绝味 - Woodlands MRT Station,"[""Local"", ""Meat"", ""Seafood""]",1.4365977,103.7866588,https://d1sag4ddilekf6.cloudfront.net/compressed/merchants/4-C2BXLCLYCEBHMA/hero/9e3a75b1404d46768fa17cfebfca89b1_1603530684690883674.jpeg,4.9,"[1.4365977, 103.7866588]",7,6
15212,Takagi Ramen,Takagi Ramen - Woods Square,"[""Asian"", ""Bubble Tea"", ""Japanese"", ""Noodles""]",1.4350372,103.7860372,https://d1sag4ddilekf6.cloudfront.net/compressed/merchants/4-C2DDT4CKJNJWA2/hero/0bd90bfd29dd455fb5438a1ee674aecf_1621312339536259707.jpeg,4.3,"[1.4350372, 103.7860372]",7,6
15213,Wonderful Grab & Go,Wonderful Grab & Go  - Woodlands Drive 73,"[""Local""]",1.4407162,103.80650776,https://d1sag4ddilekf6.cloudfront.net/compressed/merchants/4-CZDVCKUUNALTC6/hero/6995b381005a4f719412a3ee605ef8f2_1587441124367354710.jpeg,3.7,"[1.4407162, 103.80650776]",7,6
15215,Mi CHA,Mi CHA - Woodlands MRT Station,"[""Beverages"", ""Bubble Tea"", ""Dessert"", ""Snack""]",1.437229,103.7872088,https://d1sag4ddilekf6.cloudfront.net/compressed/merchants/4-C2LUTFCBUB21NE/hero/568af2cb635f4e0ea021be6ea1880e0e_1615257534296858467.jpeg,,"[1.437229, 103.7872088]",7,6
15219,Biscuit Story,Biscuit Story - Woodlands Drive 14,"[""Gifts"", ""Local"", ""Snack"", ""Dessert""]",1.433691123,103.7897694,https://d1sag4ddilekf6.cloudfront.net/compressed/merchants/4-C2LANP6YA3JENX/hero/29cec49b78d941cd9cfb77affa77563c_1614071155200124570.jpeg,5.0,"[1.433691123, 103.7897694]",7,6
15224,KPT 78 Tze Char,KPT 78 Tze Char - Woodlands Drive 14,"[""Local"", ""Chinese"", ""Wok"", ""Seafood"", ""Noodles""]",1.4340924,103.7900442,https://d1sag4ddilekf6.cloudfront.net/compressed/merchants/4-CY4JJ7BXSEVTRT/hero/1965ba0e733d4e1d8b50ba4a8c7f2e11_1582015678376599746.jpeg,4.3,"[1.4340924, 103.7900442]",7,6
15227,So Pho,So Pho - Causeway Point,"[""Halal"", ""Noodles"", ""Dessert"", ""Vietnamese""]",1.4357206,103.785638,https://d1sag4ddilekf6.cloudfront.net/compressed/merchants/SGDD03048/hero/7cb666ecb6d097270461c3d071af96de-w550-b9.jpg,4.5,"[1.4357206, 103.785638]",7,6
15228,EAT.,EAT. - Woodlands Mrt Station,"[""Asian"", ""Noodles"", ""Local""]",1.4367395418141269,103.78674179822828,https://d1sag4ddilekf6.cloudfront.net/compressed/merchants/4-CZEHLAJHLCJ1GE/hero/c5b3f7157996409ca8dc342c049e08ed_1591868206688734419.jpeg,4.1,"[1.4367395418141269, 103.78674179822828]",7,6
15231,Black Bento,Black Bento - Woodlands Drive 73,"[""Chinese"", ""Asian""]",1.4407118,103.8065082,https://d1sag4ddilekf6.cloudfront.net/compressed/merchants/4-CY4JGJUDTAJ3SA/hero/cefa0d98d1cb4127bada23d92e35d1c8_1574998943962060492.jpeg,3.9,"[1.4407118, 103.8065082]",7,6
15232,The Soup Spoon Union,The Soup Spoon Union - Woods Square,"[""Chicken"", ""Healthy"", ""Salad"", ""Western""]",1.43504328764989,103.78607148712985,https://d1sag4ddilekf6.cloudfront.net/compressed/merchants/4-C2EWTZMXUEAXT2/hero/fad96b01595949bea4722c2704957851_1612146835394181988.jpeg,4.2,"[1.43504328764989, 103.78607148712985]",7,6
15233,834 Noodles,834 Noodles - Woodlands Street 83,"[""Asian"", ""Breakfast & Brunch"", ""Chinese"", ""Local"", ""Noodles""]",1.43991728998146,103.791321154935,https://d1sag4ddilekf6.cloudfront.net/compressed/merchants/4-C2TXABMWUETKLT/hero/99bdd82a1b534b519730b43ab3994ac5_1621400574000130752.jpg,,"[1.43991728998146, 103.791321154935]",7,6
15239,Bali Thai,Bali Thai - Causeway Point,"[""Asian"", ""Same Prices In-Store"", ""Halal"", ""Seafood"", ""Thai""]",1.435827475,103.78604569923664,https://d1sag4ddilekf6.cloudfront.net/compressed/merchants/SGDD00285/hero/upload-photo-Hero_Photo_147d82dab3d24cfab41c291e510e9721_1554804247543336883.jpeg,4.3,"[1.435827475, 103.78604569923664]",7,6
15242,Fish & More,Fish & More - Vista Point,"[""Same Prices In-Store"", ""Local"", ""Seafood""]",1.4311862,103.7942987,https://d1sag4ddilekf6.cloudfront.net/compressed/merchants/4-CZD3TEBBNJNUHE/hero/3d31223bef5441e08e8fd91b4cda8445_1588905756912016411.jpeg,4.2,"[1.4311862, 103.7942987]",7,6
15245,Asia Ghani Chicken Rice Pte Ltd,Asia Ghani Chicken Rice Pte Ltd - 888 Plaza,"[""Halal"", ""Local"", ""Fried Chicken"", ""Chicken"", ""Indonesian""]",1.4376162,103.795261150705,https://d1sag4ddilekf6.cloudfront.net/compressed/merchants/4-CZNKKEB1CPWXBA/hero/bd6e8e6b11964807a484b2ad0b48eb86_1598951075086185745.jpeg,4.5,"[1.4376162, 103.795261150705]",7,6
15248,Watsons,Watsons - Causeway Point #B1-14/15,"[""Pharmacy"", ""Wellness"", ""Health & Wellness"", ""Health & Beauty""]",1.435727566666667,103.7857478675214,https://d1sag4ddilekf6.cloudfront.net/compressed/merchants/4-CZJWLFAAWCETWE/hero/ec357b8efc8649d597762619a70bcbc5_1610173296331606548.jpg,4.8,"[1.435727566666667, 103.7857478675214]",7,6
15250,A-One Claypot House,A-One Claypot House - Causeway Point,"[""Chinese"", ""Local"", ""Porridge"", ""Asian"", ""Chicken""]",1.4359543683802656,103.78624317851563,https://d1sag4ddilekf6.cloudfront.net/compressed/merchants/SGDD02737/hero/d48358ea1a94465fb3512f00ad2166da_1621218692977359377.jpeg,4.4,"[1.4359543683802656, 103.78624317851563]",7,6
15252,Ascenshoppe,Ascenshoppe - Woodlands 11,"[""Mart"", ""Health"", ""Beauty""]",1.434252345,103.8022560454964,https://d1sag4ddilekf6.cloudfront.net/compressed/merchants/4-CZNKJABZRBV2J6/hero/b08d28ce5549438c94274d0a3282eec7_1598954608275197735.jpeg,4.0,"[1.434252345, 103.8022560454964]",7,6
15255,CocoCane,CocoCane - Woodlands MRT Station,"[""Juice"", ""Beverages"", ""Dessert""]",1.4368730333333333,103.78622679999998,https://d1sag4ddilekf6.cloudfront.net/compressed/merchants/4-CYUGTK2EHEAVC2/hero/739d9192e65d4e89b02404a2728491c5_1598002465809939972.jpeg,4.7,"[1.4368730333333333, 103.78622679999998]",7,6
15256,M*MART@795,M*MART@795 - Woodlands Drive 72,"[""Convenience"", ""Groceries"", ""Local"", ""Snack"", ""Mart""]",1.4425038514447197,103.80391725264587,https://d1sag4ddilekf6.cloudfront.net/compressed/merchants/4-C2KTCEVBG2TEFA/hero/a501a7f5bfae445a83253e2ebbe0cca3_1613011241445409445.jpg,4.6,"[1.4425038514447197, 103.80391725264587]",7,6
15258,Hua Zai Roasted Duck,Hua Zai Roasted Duck - Woodlands Drive 50,"[""Chinese""]",1.4365761,103.7891947,https://d1sag4ddilekf6.cloudfront.net/compressed/merchants/4-CZKDUE6GEAAJFA/hero/5e6c80ec72e747a9882bc1e2c8194c40_1619750653876578933.jpg,3.7,"[1.4365761, 103.7891947]",7,6
15262,iTEA,iTEA - Woodlands,"[""Bubble Tea"", ""Beverages"", ""Dessert"", ""Tea""]",1.437887172678657,103.79558107238132,https://d1sag4ddilekf6.cloudfront.net/compressed/merchants/SGDD00655/hero/94998480a2d04ec6846a89a3b168556c_1592877027039479520.jpeg,4.4,"[1.437887172678657, 103.79558107238132]",7,6
15264,Mohammed Waseef Indian Muslim Food,Mohammed Waseef Indian Muslim Food - Woodlands Drive 16,"[""Indian"", ""Noodles"", ""Local""]",1.431081,103.798805,https://d1sag4ddilekf6.cloudfront.net/compressed/merchants/4-CYLXGELYC8AZVX/hero/1de16e29aaef431e975821a2a3cf0406_1559121472556824901.jpeg,3.8,"[1.431081, 103.798805]",7,6
15266,Tenderfresh Express,Tenderfresh Express - Causeway Point,"[""Chicken"", ""Western"", ""Halal""]",1.4361237946201726,103.78575979612594,https://d1sag4ddilekf6.cloudfront.net/compressed/merchants/4-CYWTR6TVTEKBCA/hero/feaed34a1d6b4783abd1e897c5c7f0ab_1567567721577011071.jpeg,4.4,"[1.4361237946201726, 103.78575979612594]",7,6
15271,Tokusei Ramen,Tokusei Ramen - Woods Square,"[""Japanese""]",1.435418389,103.7861734,https://d1sag4ddilekf6.cloudfront.net/compressed/merchants/4-C2LFVECWJY6KFE/hero/975f7d246cbf44cd9e3d6ca70ac3f5bf_1614649232570340463.jpeg,,"[1.435418389, 103.7861734]",7,6
15277,Unity,Unity - Causeway Point,"[""Convenience"", ""Mart"", ""Wellness"", ""Health & Beauty""]",1.4360509,103.7862214,https://d1sag4ddilekf6.cloudfront.net/Merchants/4-CZN2BA6CEYW3GT/photos_optimized/f57ee2feebc7401ba7ef64515792bfc9_1599831513982503714.jpeg,4.8,"[1.4360509, 103.7862214]",7,6
15284,Uncle Penyet,Uncle Penyet - Kampung Admiralty,"[""Halal"", ""Asian"", ""Local"", ""Chicken""]",1.4395412,103.800421,https://d1sag4ddilekf6.cloudfront.net/compressed/merchants/4-C2AJE6JALLMELE/hero/c5594c13d7614ed19ea365747b1a8099_1600857237667234833.jpeg,4.7,"[1.4395412, 103.800421]",7,6
15288,Like Pudding,Like Pudding - Kampung Admiralty,"[""Local"", ""Chinese"", ""Dessert""]",1.4396797142857145,103.8004686,https://d1sag4ddilekf6.cloudfront.net/compressed/merchants/4-CZLXTCE2JUXGTJ/hero/ec04815112d3437781603617f9ba5ced_1595480901963302390.jpg,4.7,"[1.4396797142857145, 103.8004686]",7,6
15290,Hawkstar,Hawkstar - Kampung Admiralty,"[""Asian"", ""Breakfast & Brunch"", ""Chinese"", ""Local"", ""Singaporean""]",1.4398984,103.8007322,https://d1sag4ddilekf6.cloudfront.net/compressed/merchants/4-C2JUJBJBPCB1A6/hero/8cac1cb6882b4446acfcdac576519ae7_1622638726780949734.jpeg,4.2,"[1.4398984, 103.8007322]",7,6
15294,Father & Son Carrot Cake,Father & Son Carrot Cake - Kampung Admiralty,"[""Local"", ""Chinese"", ""Asian""]",1.4397815234721634,103.800666007347,https://d1sag4ddilekf6.cloudfront.net/compressed/merchants/4-CYTAT241AFXTVA/hero/5b9c1d677d6743cd8888fdef59347071_1564539617759653164.jpeg,4.5,"[1.4397815234721634, 103.800666007347]",7,6
15295,Lerk Thai,Lerk Thai - Woodlands Civic Centre,"[""Asian"", ""Noodles"", ""Thai"", ""Rice"", ""Snack""]",1.4353545910768435,103.78675611534295,https://d1sag4ddilekf6.cloudfront.net/compressed/merchants/SGDD06981/hero/8fe74742948c4c43a4f2015f8ed67be3_1622595551822856868.jpeg,4.1,"[1.4353545910768435, 103.78675611534295]",7,6
15300,Albismi Indian Muslim Food,Albismi Indian Muslim Food - Woodlands Street 81,"[""Indian""]",1.4417581,103.7868696,https://d1sag4ddilekf6.cloudfront.net/compressed/merchants/4-CZD3TA6XFGKZEE/hero/585c0b2f5b1540fb9766ee5493bd9821_1587980397838804575.jpg,3.9,"[1.4417581, 103.7868696]",7,6
15305,Fragrance,Fragrance - 888 Plaza,"[""Mart"", ""Local"", ""Snacks""]",1.4379974,103.7956106,https://d1sag4ddilekf6.cloudfront.net/compressed/merchants/SGDD10302/hero/Fragrance_Biz.PNG,4.5,"[1.4379974, 103.7956106]",7,6
15307,Japanese & Korean Cuisine,Japanese & Korean Cuisine - Woodlands Drive 16,"[""Japanese"", ""Korean"", ""Halal Food""]",1.43110842,103.79880595654632,https://d1sag4ddilekf6.cloudfront.net/compressed/merchants/4-C2ECCGNJL3TZCE/hero/76cde20a98ca4b868eb31c30948ed0fa_1608774694526812327.jpeg,3.7,"[1.43110842, 103.79880595654632]",7,6
15314,Hong Kong Sheng Kee Pau,Hong Kong Sheng Kee Pau - Causeway Point,"[""Chinese"", ""Snack"", ""Dim Sum"", ""Asian""]",1.4358015666666668,103.78580582222224,https://d1sag4ddilekf6.cloudfront.net/compressed/merchants/SGDD07229/hero/0edcbf25a16e4804a897bcdd49a5d4b6_1579579060740576539.jpeg,4.3,"[1.4358015666666668, 103.78580582222224]",7,6
15317,SF Fruits & Juices,SF Fruits & Juices - Causeway Point #B1-K18,"[""Groceries"", ""Mart"", ""Fruit""]",1.4358845333333332,103.78593455,https://d1sag4ddilekf6.cloudfront.net/compressed/merchants/4-CZD2ECDVFFEKVX/hero/3c51acedc22b4d0484d7bf0551e88386_1619433533016577389.png,4.5,"[1.4358845333333332, 103.78593455]",7,6
15320,Day Night Herbal Soup,Day Night Herbal Soup - Admiralty,"[""Chinese"", ""Healthy""]",1.4396430284802335,103.8005033158201,https://d1sag4ddilekf6.cloudfront.net/compressed/merchants/SGDD01490/hero/1519704383703-w550-a0.jpg,4.1,"[1.4396430284802335, 103.8005033158201]",7,6
15322,Encik Tan Wings,Encik Tan Wings - Woods Square,"[""Asian""]",1.435418389,103.7861734,https://d1sag4ddilekf6.cloudfront.net/compressed/merchants/4-C2LFVECWAKAUDA/hero/1a8a633df55044dfb7c0b35f3e1ad5ed_1614591053170844683.jpg,,"[1.435418389, 103.7861734]",7,6
15323,Food Republic,Food Republic - Causeway Point,"[""Asian"", ""Local"", ""Singaporean""]",1.4360086683579851,103.78627263015989,https://d1sag4ddilekf6.cloudfront.net/compressed/merchants/4-CZNZJUTCNE4UJJ/hero/b67010747f47409d822ec808bac649b6_1599662124265116136.jpeg,4.1,"[1.4360086683579851, 103.78627263015989]",7,6
15324,Tong Fong Fatt Hainanese Boneless Chicken Rice,Tong Fong Fatt Hainanese Boneless Chicken Rice - Kampung Admiralty Hawker Centre,"[""Local"", ""Chicken""]",1.439953415613426,103.80061830471364,https://d1sag4ddilekf6.cloudfront.net/compressed/merchants/SGDD11563/hero/upload-photo-Hero_Photo_fb2121f8d3d540f8aeb66b1a45195ddf_1554981394675064603.jpeg,4.4,"[1.439953415613426, 103.80061830471364]",7,6
15325,57 Mala Xiang Guo,57° Mala Xiang Guo - Admiralty [Islandwide Delivery],"[""Mala Xiang Guo""]",1.44047012925148,103.80120480060576,https://d1sag4ddilekf6.cloudfront.net/compressed/merchants/SGDD06110/hero/32e70be901cd43e98ebfe3ceeca9b4da_1579760516333822068.jpeg,4.2,"[1.44047012925148, 103.80120480060576]",7,6
15326,QQ Trading,QQ Trading - Woodlands Mrt Station,"[""Grocery"", ""Mart""]",1.43663103396488,103.78659474820432,https://d1sag4ddilekf6.cloudfront.net/compressed/merchants/4-CZMGCCNFNETXWA/hero/e09587f7d0094027a97044721e9283a3_1611733020843324552.jpeg,,"[1.43663103396488, 103.78659474820432]",7,6
15327,Ming Fa Fishball,Ming Fa Fishball - Kampung Admiralty Hawker Centre,"[""Asian"", ""Chinese"", ""Noodles""]",1.43986795,103.80077235,https://d1sag4ddilekf6.cloudfront.net/compressed/merchants/4-CZDVEKNTFCCHTX/hero/d8576a918dbc43c6bee659ff1f2dae00_1588916600933588377.jpeg,4.0,"[1.43986795, 103.80077235]",7,6
15329,Xiang Mei Roasted Meat Chicken Rice,Xiang Mei Roasted Meat Chicken Rice - Woodlands 11,"[""Asian"", ""Local"", ""Noodles""]",1.4357118,103.8031223,https://d1sag4ddilekf6.cloudfront.net/compressed/merchants/4-CZDZEKECLTJAPE/hero/0be94e61666844aebb6a74b75e71b1e3_1588670910539019567.jpeg,3.8,"[1.4357118, 103.8031223]",7,6
15331,Guardian,Guardian - 888 Plaza,"[""Health & Wellness""]",1.4374188478952306,103.79521939694558,https://d1sag4ddilekf6.cloudfront.net/compressed/merchants/4-C2LDG6WBT8DYTX/hero/c94783c6e06b4417a5ff74d4d2b4b569_1614413470843215214.jpeg,4.7,"[1.4374188478952306, 103.79521939694558]",7,6
15332,Al-Habib,Al-Habib - Woodlands Ave 6,"[""Same Prices In-Store"", ""Local""]",1.4377157416666666,103.8037563,https://d1sag4ddilekf6.cloudfront.net/compressed/merchants/4-CZLVE36UFA61CJ/hero/971eb20ccea44669bc77058d0c6f9180_1598331878971728080.jpeg,3.9,"[1.4377157416666666, 103.8037563]",7,6
15336,Kaye Peri Peri Grille Pasta,Kaye Peri Peri Grille Pasta - Woodlands Close,"[""Asian"", ""Burger"", ""Chinese"", ""Chicken""]",1.4357102714285714,103.80317022134008,https://d1sag4ddilekf6.cloudfront.net/compressed/merchants/4-CYUXNNJ3CBMWVA/hero/37f2946fd48545be923a81774796a131_1570546951807049492.jpeg,4.3,"[1.4357102714285714, 103.80317022134008]",7,6
15340,Sueno Cafe,Sueno Cafe - Woodlands Drive 50,"[""Cake"", ""Beverages"", ""Halal"", ""Dessert""]",1.4380429,103.7956068,https://d1sag4ddilekf6.cloudfront.net/compressed/merchants/4-CZKCCB31NJLDL2/hero/c69d16ca2394480f8c54cdc4f8081199_1592210742551475377.jpg,4.5,"[1.4380429, 103.7956068]",7,6
15341,Ah Ma Bak Kut Teh,Ah Ma Bak Kut Teh - 21 Woodland Close,"[""Chinese"", ""Local""]",1.4357416,103.8054525,https://d1sag4ddilekf6.cloudfront.net/compressed/merchants/SGDD02230/hero/upload-photo-Hero_Photo_af545a527db44996bacd5e9fb30fc6b3_1554812298023219482.jpeg,4.2,"[1.4357416, 103.8054525]",7,6
15342,Plan B,Plan B - Woodlands Ave 6,"[""Bubble Tea"", ""Chinese"", ""Western"", ""Local"", ""Burger""]",1.4374467,103.8038193,https://d1sag4ddilekf6.cloudfront.net/compressed/merchants/4-CYNELPBTVY2GGE/hero/6a54404079844c3498335e1a0b920189_1565668929293644511.jpeg,3.5,"[1.4374467, 103.8038193]",7,6
15345,Pin Yi Ban Mian,Pin Yi Ban Mian - Mega-Woodlands,"[""Local"", ""Noodles"", ""Chinese""]",1.4374998,103.8074905058587,https://d1sag4ddilekf6.cloudfront.net/compressed/merchants/4-CZJTAN33RNMACN/hero/e0bd8a83510a48af9d8345faabb332e8_1591003343475084857.jpg,4.2,"[1.4374998, 103.8074905058587]",7,6
15350,The Coffee Bean & Tea Leaf,The Coffee Bean & Tea Leaf - Causeway Point,"[""Beverages"", ""Pasta"", ""Dessert"", ""Snack"", ""Halal""]",1.436036020517349,103.7862856388092,https://d1sag4ddilekf6.cloudfront.net/compressed/merchants/4-CYTKLXEWDFNYAX/hero/4feb85f84af748318bdc7936377dbe92_1620718604149910079.jpeg,4.5,"[1.436036020517349, 103.7862856388092]",7,6
15356,Fulee Bbq,Fulee Bbq - Woodlands Close,"[""Asian"", ""BBQ"", ""Chicken"", ""Chinese"", ""Fried Chicken""]",1.43709403228442,103.807008953359,https://d1sag4ddilekf6.cloudfront.net/compressed/merchants/4-C2TWEGECAEVBEE/hero/3d9f8454403246c8bbaee5be2e4e7416_1622633580931263784.png,5.0,"[1.43709403228442, 103.807008953359]",7,6
15360,Charcoal Roasted Delights,Charcoal Roasted Delights - Mega - Woodlands,"[""Chinese"", ""Soup"", ""Local"", ""Same Prices In-Store""]",1.43752441,103.80749923,https://d1sag4ddilekf6.cloudfront.net/compressed/merchants/4-CZJYT7EWSGNWGE/hero/46c37e0f3c2446b180406cc63fd2ac05_1595813393250655358.jpeg,4.0,"[1.43752441, 103.80749923]",7,6
15367,PGFN Since 1982,PGFN Since 1982 - Woodlands Drive 73,"[""Local"", ""Bubble Tea"", ""Noodles"", ""Asian""]",1.4407174,103.80651235580444,https://d1sag4ddilekf6.cloudfront.net/compressed/merchants/4-CY4JGJT1R3BTN2/hero/3716f651330e46aeb9104f653b21278b_1581061120662547927.jpeg,4.2,"[1.4407174, 103.80651235580444]",7,6
15375,Pizza Hut,Pizza Hut - Causeway Point Shopping Centre,"[""Pizza"", ""Halal"", ""Fast Food"", ""Western"", ""Pasta""]",1.4357567,103.785546925,https://d1sag4ddilekf6.cloudfront.net/compressed/merchants/4-CY3KMAAKGUWKEX/hero/49277e6c95a946ffb5aebb80c7e76a21_1591695138712027316.png,4.4,"[1.4357567, 103.785546925]",7,6
15382,Kimly Dim Sum,Kimly Dim Sum - 888 Plaza,"[""Chinese"", ""Asian"", ""Breakfast & Brunch"", ""Snack""]",1.4383544921874998,103.7955922,https://d1sag4ddilekf6.cloudfront.net/compressed/merchants/SGDD10779/hero/upload-photo-Hero_Photo_3d17754fb6df4fb38d23ababe22ea9c5_1554966277690290538.jpeg,4.3,"[1.4383544921874998, 103.7955922]",7,6
15383,Fish & Chicks,Fish & Chicks - Woodlands Ring Road,"[""Western""]",1.4351596223730922,103.80118020465068,https://d1sag4ddilekf6.cloudfront.net/compressed/merchants/4-CY31EADKSBTXGA/hero/d16ade4a4e0b46c781d2622bda25481c_1578017595551382994.jpeg,4.1,"[1.4351596223730922, 103.80118020465068]",7,6
15386,Buey Tahan See Food,Buey Tahan See-food - Woodlands Ave 6,"[""Halal"", ""Seafood"", ""Chinese"", ""Local"", ""Asian""]",1.43810735,103.8037581,https://d1sag4ddilekf6.cloudfront.net/compressed/merchants/4-C2KWSGLFEX2VUE/hero/f957deeadecb423fb0cc032883e8181f_1621421968481004721.jpeg,4.2,"[1.43810735, 103.8037581]",7,6
15387,Best Zaika,Best Zaika - Kampung Admiralty,"[""Indian""]",1.439857002111017,103.80050392662352,https://d1sag4ddilekf6.cloudfront.net/compressed/merchants/4-C2M2R8CGGGJJTN/hero/84d1b95298db434092f2956035ad6696_1619757425726501488.jpeg,5.0,"[1.439857002111017, 103.80050392662352]",7,6
15389,Mr Teh Tarik Cartel,Mr Teh Tarik Cartel - Woodlands Mrt Station,"[""Asian"", ""Indian""]",1.4368897,103.78695179553448,https://d1sag4ddilekf6.cloudfront.net/compressed/merchants/4-CYXJSCEHABK3GJ/hero/b8ca2a1d42874c64b4e8c98026968ac8_1568947178763430654.png,4.0,"[1.4368897, 103.78695179553448]",7,6
15390,Fruteria,Fruteria - Kampung Admiralty,"[""Beverages"", ""Smoothies"", ""Fruit"", ""Juice""]",1.4397691,103.8005750465665,https://d1sag4ddilekf6.cloudfront.net/compressed/merchants/SGDD09155/hero/e7595c98068c406ba48329dc59cd01c5_1563332457051303592.jpeg,4.7,"[1.4397691, 103.8005750465665]",7,6
15393,Do Qoo,Do Qoo - Woodlands Drive 71,"[""Asian"", ""Dessert"", ""Snack""]",1.439616,103.800402,https://d1sag4ddilekf6.cloudfront.net/compressed/merchants/4-C2TYTBMUCXMDR2/hero/f89499f81615481d814c1ef36575f6b0_1621661272927715359.jpeg,,"[1.439616, 103.800402]",7,6
15401,Pola Soy Milk,Pola Soy Milk - Mega - Woodlands,"[""Mart"", ""Convenience"", ""Convenience Store/Minimart"", ""Halal""]",1.4377009,103.80665740357796,https://d1sag4ddilekf6.cloudfront.net/compressed/merchants/4-CZMATFATVLCYHE/hero/6f278dbd84b44386a9d222bd15da5353_1596083747730466411.jpeg,5.0,"[1.4377009, 103.80665740357796]",7,6
15405,Si Chuan Ming Xiao Chi,Si Chuan Ming Xiao Chi - Zhi Char - Kampung Admiralty,"[""Local""]",1.439844486888477,103.80071275,https://d1sag4ddilekf6.cloudfront.net/compressed/merchants/4-CZDZGEVYETKZL2/hero/f566e9bd8d3243aaaea642adf591403d_1610172307811499833.jpeg,4.1,"[1.439844486888477, 103.80071275]",7,6
15416,Ah Choon Traditional Lor Mee,Ah Choon Traditional Lor Mee - Kampung Admiralty Hawker Centre,"[""Local""]",1.43991382,103.8007837125,https://d1sag4ddilekf6.cloudfront.net/compressed/merchants/4-CYXWTY22G6K3RA/hero/cb483f01b0f3447dae617fb35f6718af_1569467015834700221.jpg,4.6,"[1.43991382, 103.8007837125]",7,6
15427,Qing Hua Ci Chinese Cuisine,Qing Hua Ci Chinese Cuisine - Woodlands 11,"[""Chinese""]",1.4356902064516128,103.8031757,https://d1sag4ddilekf6.cloudfront.net/compressed/merchants/4-CY3DJRKTJEMEVX/hero/2c130f8a5e9647a9b947b185d8cc7609_1572343933671214531.jpg,3.5,"[1.4356902064516128, 103.8031757]",7,6
15432,Unicuz Roasted Delights 宏缘美食馆 港式烧腊,Unicuz Roasted Delights 宏缘美食馆 港式烧腊 - Woodlands Ave 6,"[""Asian"", ""Chinese"", ""Singaporean""]",1.4376974,103.8037929,https://d1sag4ddilekf6.cloudfront.net/compressed/merchants/4-C2C1MCEJLADXCX/hero/a474f259c71a44f282fb885d86953a13_1605758888629340232.jpg,4.4,"[1.4376974, 103.8037929]",7,6
15440,Cat & The Fiddle,Cat & The Fiddle - Woods Square,"[""Dessert"", ""Ice Cream"", ""Snack"", ""Coffee & Tea""]",1.434972064108365,103.78580787655824,https://d1sag4ddilekf6.cloudfront.net/compressed/merchants/4-C2TCVFV2TKJEGA/hero/e155847aa1224a8faf4859ad1fcf46c5_1620352183163702722.jpeg,3.1,"[1.434972064108365, 103.78580787655824]",7,6
15443,Zi Jia Yong Tau Foo,Zi Jia Yong Tau Foo - Mega@Woodlands,"[""Chinese"", ""Local"", ""Noodles""]",1.437547941566381,103.80752184,https://d1sag4ddilekf6.cloudfront.net/compressed/merchants/4-CYMJLBXJNBLEV6/hero/75r-24bits-100kb-8cf3abf676e5e9c1b02f5e56a54d6e88ba00b6b29e5b453e3b47319a48977089-c3dd9fb5db4244b3ae65cb59338b8ccf_1563525625832272994.jpeg,3.8,"[1.437547941566381, 103.80752184]",7,6
15445,Teppan,Teppan-Yaki - Causeway Point,"[""Japanese"", ""Islandwide Delivery""]",1.435681627004756,103.7854649,https://d1sag4ddilekf6.cloudfront.net/compressed/merchants/4-CZJZTPWEMCDCVX/hero/3d806d3f31254b6d8dbc3738bba4ce93_1591683668600583107.jpg,4.2,"[1.435681627004756, 103.7854649]",7,6
15446,Yoshinoya,Yoshinoya - Causeway Point,"[""Japanese"", ""Ramen"", ""Seafood""]",1.4356711,103.7855603,https://d1sag4ddilekf6.cloudfront.net/compressed/merchants/4-CYTTJJ21N6THCN/hero/5e8ad63367bf4d5ebfd3680432176e1c_1576465932711483365.jpeg,4.3,"[1.4356711, 103.7855603]",7,6
15450,Tamago-EN,Tamago-EN - Causeway Point,"[""Japanese"", ""Dessert"", ""Asian""]",1.435765427923144,103.78560298248487,https://d1sag4ddilekf6.cloudfront.net/compressed/merchants/4-C2TBE8NUE2LXVN/hero/e63a40ed83ea4e2780b594e3bbce4e3f_1620179499946646597.jpeg,4.2,"[1.435765427923144, 103.78560298248487]",7,6
15453,Crystal Jade La Mian Xiao Long Bao,Crystal Jade La Mian Xiao Long Bao - Causeway Point,"[""Chinese"", ""Noodles"", ""Dim Sum""]",1.43578388,103.78575405474706,https://d1sag4ddilekf6.cloudfront.net/compressed/merchants/4-CZD3VPBGC6J3FA/hero/69c95252cd62411ba6e618b2cf60324c_1589177006634948131.jpeg,3.8,"[1.43578388, 103.78575405474706]",7,6
15479,Ichiban Boshi,Ichiban Boshi - Causeway Point,"[""Japanese"", ""Noodles""]",1.4358003,103.78587395,https://d1sag4ddilekf6.cloudfront.net/compressed/merchants/4-CY2WA2CHJ8MTKE/hero/f5e5fd4900fe4e8aa78dea0b122c2571_1571646425685543470.jpeg,4.4,"[1.4358003, 103.78587395]",7,6
15481,Nasi Lemak 2,Nasi Lemak 2 - Woods Square,"[""Asian""]",1.435418389,103.7861734,https://d1sag4ddilekf6.cloudfront.net/compressed/merchants/4-C2LFVECWAVBZRE/hero/c66bf95c1f3d45ae8a11b3716eea056b_1614591053143477659.jpg,,"[1.435418389, 103.7861734]",7,6
15484,Boon Lay Power Nasi Lemak Pte Ltd,Boon Lay Power Nasi Lemak Pte Ltd - Woodlands Square,"[""Local""]",1.4359599,103.78588051639356,https://d1sag4ddilekf6.cloudfront.net/compressed/merchants/4-CYXVGLN2ATLXCJ/hero/301c674505494344b5eb3ab08d36812e_1610171122293758309.jpeg,4.5,"[1.4359599, 103.78588051639356]",7,6
15487,Eng's Wantan Noodle,Eng's Wantan Noodle - Causeway Point,"[""Local"", ""Chinese"", ""Noodles""]",1.435792265625,103.7860794180108,https://d1sag4ddilekf6.cloudfront.net/compressed/merchants/4-CZAEL6KCECCYPA/hero/a5d304a746024208be854b9d50e2642b_1580460725217850475.jpeg,4.1,"[1.435792265625, 103.7860794180108]",7,6
15489,Jack's Place,Jack's Place - Woodlands Civic Centre,"[""Western"", ""Same Prices In-Store"", ""Kids Friendly"", ""Salad""]",1.43506698,103.78678194515582,https://d1sag4ddilekf6.cloudfront.net/compressed/merchants/4-CZABTXBAHFACGJ/hero/687e41e25c0145b38fa1c68cde2fc115_1587381085088407396.jpeg,4.0,"[1.43506698, 103.78678194515582]",7,6
15492,Yong Tau Foo,Yong Tau Foo - Causeway Point,"[""Local"", ""Halal"", ""Chinese""]",1.4360258469322644,103.7862166,https://d1sag4ddilekf6.cloudfront.net/compressed/merchants/4-CZJ3HBL2GNMYTJ/hero/b87313ee73544572a34ae7952df9bef8_1596001922706128814.jpeg,4.4,"[1.4360258469322644, 103.7862166]",7,6
15494,Habib's Express,Habib's Express - Woodlands Drive 73,"[""Vegetarian"", ""Chicken"", ""Indian""]",1.440743558358016,103.8065454,https://d1sag4ddilekf6.cloudfront.net/compressed/merchants/4-CY5FLXXZTX3XME/hero/09e9b03d28fb449ca502388d0944bd1f_1602389958939913280.jpeg,3.9,"[1.440743558358016, 103.8065454]",7,6
15495,Joy Luck Teahouse,Joy Luck Teahouse - Causeway Point,"[""Chinese"", ""Dessert"", ""Bakery & Cake""]",1.4360774012745736,103.78630756326557,https://d1sag4ddilekf6.cloudfront.net/compressed/merchants/4-C2KJNEVGNPEWTE/hero/208515d8b90a40e2b2429d1ef549b419_1612863122322887065.jpeg,4.4,"[1.4360774012745736, 103.78630756326557]",7,6
15500,Chao Yuan Gourmet,Chao Yuan Gourmet - Primz Bizhub,"[""Local"", ""Noodles"", ""Chinese"", ""Asian""]",1.4357319,103.80547626799464,https://d1sag4ddilekf6.cloudfront.net/compressed/merchants/4-CZKUNRMJNVD2TJ/hero/d74ed492a26b49ee8a6dcfd802908b55_1593178474005270914.jpeg,3.6,"[1.4357319, 103.80547626799464]",7,6
15501,4Fingers,4Fingers - Causeway Point,"[""Burger"", ""Fast Food"", ""Chicken"", ""Halal"", ""Western""]",1.4362516420068945,103.78644305467776,https://d1sag4ddilekf6.cloudfront.net/compressed/merchants/4-CY6DUGBBDALULA/hero/5ca2d212e4c946e4aadd5948b0a7fd3a_1582693415877148868.jpeg,4.4,"[1.4362516420068945, 103.78644305467776]",7,6
15503,Wang Heng Seafood,Wang Heng Seafood - Vista Point,"[""Local"", ""Asian"", ""Seafood""]",1.43078,103.793529,https://d1sag4ddilekf6.cloudfront.net/compressed/merchants/4-CZD3UBTFLELKC6/hero/74184efeafe0458c8a3fe92a3b212a67_1599733880877320061.jpeg,4.0,"[1.43078, 103.793529]",7,6
15508,Burger King,Burger King - Woodlands Community Club,"[""American"", ""Burger"", ""Halal""]",1.43968491256237,103.78831601142882,https://d1sag4ddilekf6.cloudfront.net/compressed/merchants/4-CY3TEKWHPBBZC6/hero/1035c084276846fa9364b1e3f66b1988_1622520524757577156.jpeg,4.3,"[1.43968491256237, 103.78831601142882]",7,6
15509,Mix & Match Malls (Food) - Woodlands MRT,Mix & Match Malls (Food) - Woodlands MRT,"[""Bubble Tea"", ""Beverages"", ""Local"", ""Noodles"", ""Sushi""]",1.4365551,103.7864275,https://d1sag4ddilekf6.cloudfront.net/compressed/merchants/4-C2DTN4NUG6LTFE/hero/69fc5a21cc0b42818dca2173ce710232_1607066777383128997.jpeg,4.3,"[1.4365551, 103.7864275]",7,6
15512,My Kampung Chicken Rice,My Kampung Chicken Rice - Kampung Admiralty,"[""Chicken"", ""Halal"", ""Local""]",1.4395596298761126,103.80051853636364,https://d1sag4ddilekf6.cloudfront.net/compressed/merchants/4-C2DHGT4AJK4CNE/hero/d6922da10dc7406c8788df365d142c26_1609309271433464742.jpeg,4.4,"[1.4395596298761126, 103.80051853636364]",7,6
15515,Kimly Seafood,Kimly Seafood - Woodlands Drive 73,"[""Seafood"", ""Snack"", ""Chinese"", ""Breakfast & Brunch"", ""Asian""]",1.4407754315110548,103.80613989672608,https://d1sag4ddilekf6.cloudfront.net/compressed/merchants/4-CY6ANNX3R35JPE/hero/a5646d15d9c74c40915ea2f7b47d73d5_1580262081929017619.jpeg,4.2,"[1.4407754315110548, 103.80613989672608]",7,6
15628,Zhong Hua Guo Wang,Zhong Hua Guo Wang - Primz Bizhub,"[""Asian"", ""Chinese""]",1.435246229,103.8052849,https://d1sag4ddilekf6.cloudfront.net/compressed/merchants/4-C2T3HBVFN74DRE/hero/3b27217703f44793a2e5b442a1aa5c71_1621948195534331373.jpeg,,"[1.435246229, 103.8052849]",7,6
15629,Ajisen,Ajisen - Causeway Point,"[""Japanese"", ""Noodles"", ""Chicken"", ""Ramen""]",1.4357090666666663,103.785526,https://d1sag4ddilekf6.cloudfront.net/compressed/merchants/SGDD08603/hero/8bf5736526b746b5a508537d5f5b1a00_1577415380988429747.png,4.2,"[1.4357090666666663, 103.785526]",7,6
15630,Wang Heng Seafood,Wang Heng Seafood - 888 Plaza 01-755,"[""Local"", ""Asian"", ""Seafood""]",1.4382191,103.79559333333331,https://d1sag4ddilekf6.cloudfront.net/compressed/merchants/4-CZD1E7AYLKTCAN/hero/07f55819b1614891baaeed2bc2a852c2_1599727102823764817.jpeg,3.7,"[1.4382191, 103.79559333333331]",7,6
15639,Zhong Zhong Wu Xiang,Zhong Zhong Wu Xiang - Causeway Point,"[""Local"", ""Asian"", ""Chinese"", ""Pork"", ""Vegetables""]",1.4357686857142855,103.7860728,https://d1sag4ddilekf6.cloudfront.net/compressed/merchants/4-CZLBAZKYTFC2JE/hero/76efe913b0544a14a9f27dba7a5d7ea7_1594112767835091113.jpeg,3.2,"[1.4357686857142855, 103.7860728]",7,6
15643,Gelare,Gelare - Causeway Point,"[""Western"", ""Halal"", ""Dessert""]",1.43578938,103.7861872,https://d1sag4ddilekf6.cloudfront.net/compressed/merchants/4-CY53NRKCAP5DE6/hero/b0f675e48e08407d8664328c88185be9_1578017725077871659.jpeg,4.5,"[1.43578938, 103.7861872]",7,6
15648,Penyet King,Penyet King - Causeway Point,"[""Chicken"", ""Indonesian""]",1.436025715593358,103.78622486666666,https://d1sag4ddilekf6.cloudfront.net/compressed/merchants/4-CZDXL73CTJUXE2/hero/427587b90e244c629a393729255e0f4c_1587543679505885364.jpeg,4.3,"[1.436025715593358, 103.78622486666666]",7,6
15655,Ho Kee Pau,Ho Kee Pau - Causeway Point,"[""Beverages"", ""Dim Sum"", ""Chinese""]",1.4362131,103.78629174,https://d1sag4ddilekf6.cloudfront.net/compressed/merchants/4-CYXWV2NCSBBHLA/hero/7c3c0807836d4ef5b79ee73540ca9662_1571803621162243664.jpeg,4.1,"[1.4362131, 103.78629174]",7,6
15659,QQ Rice,QQ Rice - Woodlands MRT,"[""Asian"", ""Bento"", ""Local"", ""Sushi""]",1.4367347,103.7866378,https://d1sag4ddilekf6.cloudfront.net/compressed/merchants/SGDD00940/hero/801672a88e744a4f998c82266759bf2d_1579664128241479224.png,4.5,"[1.4367347, 103.7866378]",7,6
15667,McDonald's,McDonald's - Woodlands Civic Centre,"[""Chicken"", ""Fast Food"", ""Halal"", ""Burger""]",1.4352068696289848,103.78707058704369,https://d1sag4ddilekf6.cloudfront.net/compressed/merchants/4-CYM2JTX3AUXWLJ/hero/aec8de7b0a4a4d8c946a55a7bad5f143_1622081805762594865.jpeg,4.5,"[1.4352068696289848, 103.78707058704369]",7,6
15674,Sunshine Mart,Sunshine Mart - Woodlands Street 81,"[""Alcohol"", ""Groceries"", ""Mart""]",1.441363,103.786502,https://d1sag4ddilekf6.cloudfront.net/compressed/merchants/4-CZNGCKB2CNLDGX/hero/45f48c68d0a746de8281704d5557c26e_1598620103295150540.jpeg,4.7,"[1.441363, 103.786502]",7,6
15686,Xiao Mei Ban Mian,Xiao Mei Ban Mian - Woodlands Drive 50,"[""Kids Friendly"", ""Asian"", ""Noodles"", ""Local""]",1.43634801947739,103.789539640512,https://d1sag4ddilekf6.cloudfront.net/compressed/merchants/4-C2N1LPCEDAL2SE/hero/8a5fddc3aaae4b2fb06554775d696b9e_1619753444319355113.jpg,3.0,"[1.43634801947739, 103.789539640512]",7,6
15691,Xin Ji Fish Soup And Fishball Noodles,Xin Ji Fish Soup And Fishball Noodles - Woodlands Drive 14,"[""Local"", ""Noodles"", ""Soup""]",1.43411505,103.79004328617636,https://d1sag4ddilekf6.cloudfront.net/compressed/merchants/4-CZM2GVBZNNDYLN/hero/22c227032d9e4724932e6b878f6b4dfa_1597890570178790882.jpeg,4.3,"[1.43411505, 103.79004328617636]",7,6
15695,MOS Burger,MOS Burger - Kampung Admiralty,"[""Fast Food"", ""Burger""]",1.43973970413208,103.8007346,https://d1sag4ddilekf6.cloudfront.net/compressed/merchants/4-CZJFNPKTT3LHVX/hero/fd121874a57d4ed39c9e717e069f1ff8_1621396070326755676.jpg,4.4,"[1.43973970413208, 103.8007346]",7,6
15698,New Odense / O Cha,New Odense / O Cha - Woodlands North Plaza,"[""Asian"", ""Bakery & Cake"", ""Beverages"", ""Breakfast & Brunch"", ""Bubble Tea""]",1.4424244644669528,103.79077700860438,https://d1sag4ddilekf6.cloudfront.net/compressed/merchants/4-C2MHHBCHDAETN2/hero/76f46780115247a893fbabeb037182b6_1619160799570538844.jpeg,5.0,"[1.4424244644669528, 103.79077700860438]",7,6
15703,Starbucks,Starbucks - Kampung Admiralty,"[""Beverages"", ""Snack"", ""Coffee"", ""Bakery"", ""Tea""]",1.439674139022827,103.80067266,https://d1sag4ddilekf6.cloudfront.net/compressed/merchants/SGDD11404/hero/5d40dcc857d94656967190a34a0ed15d_1618364145661447507.jpeg,4.5,"[1.439674139022827, 103.80067266]",7,6
15704,Fish & Co.,Fish & Co. - Vista Point,"[""Western"", ""Fish & Chips"", ""Fish"", ""Kids Friendly""]",1.430805,103.7935106,https://d1sag4ddilekf6.cloudfront.net/compressed/merchants/4-C2CFNFNHNYB3GJ/hero/433c533f350143429221fbef5519a5a6_1604566744814292622.jpeg,4.0,"[1.430805, 103.7935106]",7,6
15707,Ye Xiang,Ye Xiang - Vista Point,"[""Beverages"", ""Bubble Tea""]",1.4311938,103.7944203,https://d1sag4ddilekf6.cloudfront.net/compressed/merchants/4-C2TVMA5GA8NWRT/hero/0b28832a63914cce9137c0c6e7e86433_1621258366169408870.jpg,5.0,"[1.4311938, 103.7944203]",7,6
15713,C & H Minimart,C & H Minimart - Woodlands Drive 42,"[""Mart"", ""Grocery"", ""Beverages""]",1.4375397,103.7972713,https://d1sag4ddilekf6.cloudfront.net/compressed/merchants/4-CZMFGNUBVFKBEA/hero/e0fcf2a8d0f44c8e829a422eb2a91f1f_1596533225563556126.jpg,4.9,"[1.4375397, 103.7972713]",7,6
15718,FlowerAdvisor,FlowerAdvisor - Woodlands 11,"[""Flowers"", ""Gifts"", ""Hampers""]",1.4348698,103.8031781,https://d1sag4ddilekf6.cloudfront.net/compressed/merchants/4-C2D3JTNYBFDAJX/hero/1075c117cd024feba9f36c10b3264c02_1608002898677206406.jpeg,,"[1.4348698, 103.8031781]",7,6
15723,Sai Organics,Sai Organics - Primz Bizhub,"[""Mart"", ""Grocery"", ""Healthy""]",1.4356876,103.8053435,https://d1sag4ddilekf6.cloudfront.net/compressed/merchants/4-CZL3V3MFRU63CJ/hero/51ce1d6a31874869856c4f6a1c745977_1595996570318387955.jpg,,"[1.4356876, 103.8053435]",7,6
15746,Gong Cha,Gong Cha - Woodlands MRT,"[""Bubble Tea"", ""Beverages""]",1.4369144,103.78625952,https://d1sag4ddilekf6.cloudfront.net/compressed/merchants/4-CY6GLUVGR2XTHE/hero/801f5479f5484120a12668b35eb6c259_1619790960384156528.jpeg,4.5,"[1.4369144, 103.78625952]",7,6
15757,Fu Zhu Wantan Mee,Fu Zhu Wantan Mee - 888 Plaza,"[""Asian"", ""Chicken"", ""Noodles""]",1.4381014250000002,103.7955883278846,https://d1sag4ddilekf6.cloudfront.net/compressed/merchants/4-C2CGGX6UJLKBKE/hero/a4cc94637d0848b491c752bb0d6e768f_1619267622132411783.jpeg,3.9,"[1.4381014250000002, 103.7955883278846]",7,6
15760,Badaling,Badaling - Woodlands Drive 16,"[""Beverages""]",1.4311116666666666,103.7988013,https://d1sag4ddilekf6.cloudfront.net/compressed/merchants/4-CZE3JPB3LGLARE/hero/d3390d1775e242a0afc3e0006b8c285e_1589943443058304817.jpg,3.5,"[1.4311116666666666, 103.7988013]",7,6
15767,Nuodle,Nuodle - Woods Square ,"[""Asian"", ""Chinese"", ""Healthy"", ""Local"", ""Noodles""]",1.43516652549447,103.784998574114,https://d1sag4ddilekf6.cloudfront.net/compressed/merchants/4-C2UGGBB1AA5TAX/hero/925fedafd8e843e2a597a974adfae1e0_1622630437081580931.jpg,,"[1.43516652549447, 103.784998574114]",7,6
15770,Hong Kong Sheng Kee Dessert,Hong Kong Sheng Kee Dessert - Causeway Point,"[""Chinese"", ""Asian"", ""Dim Sum"", ""Snack""]",1.43579802,103.78580906,https://d1sag4ddilekf6.cloudfront.net/compressed/merchants/SGDD07241/hero/fc24acee422a4693b4b5e5ba2da9fa3c_1617292066089072210.jpeg,4.3,"[1.43579802, 103.78580906]",7,6
15772,Long John Silver's,Long John Silver's - Woods Square,"[""Chicken"", ""Dessert"", ""Fast Food"", ""Seafood""]",1.4352594000000003,103.78616064,https://d1sag4ddilekf6.cloudfront.net/compressed/merchants/4-C2CKAPCCVNBWME/hero/ab6a470c172f457392d7f4ea11385bc5_1618372151609057736.jpeg,4.3,"[1.4352594000000003, 103.78616064]",7,6
15773,HockHua Tonic,HockHua Tonic - Causeway Point,"[""Gifts"", ""Hampers"", ""Health & Wellness""]",1.435946869892017,103.786114,https://d1sag4ddilekf6.cloudfront.net/compressed/merchants/4-C2JZGYNKTA21AN/hero/aa7c8ca8ef5f4c1d895aa87b23eaef59_1611658550471597506.jpeg,5.0,"[1.435946869892017, 103.786114]",7,6
15774,Mr Bean,Mr Bean - Causeway Point,"[""Snack"", ""Dessert"", ""Breakfast & Brunch"", ""Beverages"", ""Healthy""]",1.4362001,103.78628772,https://d1sag4ddilekf6.cloudfront.net/compressed/merchants/SGDD08413/hero/4f2048e9527443ca833b469b05d8d617_1602235068917469661.jpeg,4.2,"[1.4362001, 103.78628772]",7,6
15775,KOI The,KOI The - Woodlands MRT,"[""Bubble Tea"", ""Beverages""]",1.4367715071197011,103.786836266519,https://d1sag4ddilekf6.cloudfront.net/compressed/merchants/4-CYXHC76KWA32R6/hero/4e25e2f5e628423a89156f9b8b4562cf_1574426081159775304.jpeg,4.7,"[1.4367715071197011, 103.786836266519]",7,6
15777,Tenderbest,Tenderbest - 888 Plaza,"[""Local"", ""Chicken"", ""Western"", ""Halal""]",1.4375924,103.7953472137451,https://d1sag4ddilekf6.cloudfront.net/compressed/merchants/4-CZDZCB3BWGDGLA/hero/cc57db8e7cc34424b9458821052032ce_1587610725550923740.jpg,4.4,"[1.4375924, 103.7953472137451]",7,6
15778,Woodlands 888 Rojak,Woodlands 888 Rojak - 888 Plaza,"[""Local"", ""Snack""]",1.4382742,103.7956152,https://d1sag4ddilekf6.cloudfront.net/compressed/merchants/4-CY2BSB4CJTEARJ/hero/79f1d7802a7f498eae170d3c9887eca0_1573196459298930248.jpeg,4.1,"[1.4382742, 103.7956152]",7,6
15781,Wen's,Wen's - Woodlands Drive 71,"[""Groceries"", ""Kids Friendly"", ""Mart"", ""Local"", ""Convenience""]",1.438827,103.79929,https://d1sag4ddilekf6.cloudfront.net/compressed/merchants/4-C2UEJUCKAAWYHE/hero/0270fb926908407abe3607b54921c967_1622455412433707930.jpeg,,"[1.438827, 103.79929]",7,6
15792,Amore Prata Halal Cuisine Woodlands Ring Road,Amore Prata Halal Cuisine - Woodlands Ring Road,"[""Breakfast & Brunch"", ""Indian"", ""Local"", ""Malaysian"", ""Singaporean""]",1.4351,103.80117,https://d1sag4ddilekf6.cloudfront.net/compressed/merchants/4-C2MUAA4FVVMFRJ/hero/4bb656a3a186455fb2d94859dfd1e751_1617858977695590322.jpeg,5.0,"[1.4351, 103.80117]",7,6
15794,Teavana Bubble Tea,Teavana Bubble Tea -  Woodlands Drive,"[""Beverages"", ""Bubble Tea""]",1.4394453,103.8004915,https://d1sag4ddilekf6.cloudfront.net/compressed/merchants/SGDD11871/hero/2fe6a607fb8f40eaa5306a35c03fb89a_1607072212265000388.jpeg,4.5,"[1.4394453, 103.8004915]",7,6
15800,Ya Kun Kaya Toast,Ya Kun Kaya Toast - Woodlands Drive 71,"[""Breakfast"", ""Same Prices In-Store"", ""Bread"", ""Local"", ""Tea""]",1.4395956,103.8006925,https://d1sag4ddilekf6.cloudfront.net/compressed/merchants/4-CZEKE3DEHGN2AA/hero/d645bb6dc0244d319f131e7331d6c152_1591064994637279841.jpeg,4.0,"[1.4395956, 103.8006925]",7,6
15802,Soon Kee Roasted Delight,Soon Kee Roasted Delight - Woodlands Drive 71,"[""Local""]",1.43983221,103.8007312,https://d1sag4ddilekf6.cloudfront.net/compressed/merchants/SGDD09642/hero/66b16ca3f8154db0a0e30aee1a29db0e_1566204590975548018.jpeg,4.1,"[1.43983221, 103.8007312]",7,6
15809,Subway,Subway - Woodlands Galaxy Community Club,"[""Healthy"", ""Sandwiches"", ""Fast Food"", ""Halal"", ""Western""]",1.439317226409912,103.80261966666666,https://d1sag4ddilekf6.cloudfront.net/compressed/merchants/4-CY42NX5GUA4DVX/hero/e671ef0f234440d2b83263c1ecae123d_1610172065522357473.jpeg,4.4,"[1.439317226409912, 103.80261966666666]",7,6
15812,Kns Indian Muslim Food,Kns Indian Muslim Food - Woodlands 11,"[""Indian"", ""Chicken""]",1.4357308,103.80319968143957,https://d1sag4ddilekf6.cloudfront.net/compressed/merchants/4-CYMCJ7THSFNKVE/hero/a1f64aac0265453b949339f9d1d03545_1561694975191684507.jpeg,4.1,"[1.4357308, 103.80319968143957]",7,6
15815,MuslimFood,MuslimFood - Woodlands Ave 6,"[""Asian"", ""Malaysian"", ""Singaporean""]",1.43810735,103.8037581,https://d1sag4ddilekf6.cloudfront.net/compressed/merchants/4-CZN1VBBTHAJBRX/hero/bdfbe3cab4c34746b8f76fbead304d16_1599807626342896514.jpeg,,"[1.43810735, 103.8037581]",7,6
15816,Tai Feng Wei,Tai Feng Wei - Primz Bizhub,"[""Chinese"", ""Asian"", ""Same Prices In-Store"", ""Taiwanese""]",1.4359088,103.8052576,https://d1sag4ddilekf6.cloudfront.net/compressed/merchants/4-CZKCAYW3N4ADRT/hero/600a185949ac4e6896eea9a626cab4ed_1622360481537158563.png,4.4,"[1.4359088, 103.8052576]",7,6
15819,Love Japanese Korean Cuisine,Love Japanese Korean Cuisine - Woodlands Drive 73,"[""Japanese"", ""Korean"", ""Noodles"", ""Ramen""]",1.4407548,103.8064824,https://d1sag4ddilekf6.cloudfront.net/compressed/merchants/4-C2AWLJNZNF5VT6/hero/ebab7f7b0ffc4e2d9feb70c2e9eac177_1601352196728224030.jpg,3.3,"[1.4407548, 103.8064824]",7,6
15821,Fu Lee Seafood,Fu Lee Seafood - Mega - Woodlands,"[""Seafood"", ""Chinese"", ""Asian"", ""Noodles"", ""Chicken""]",1.43764474,103.8076428,https://d1sag4ddilekf6.cloudfront.net/compressed/merchants/4-CZC3BBUBG75JLX/hero/5826f8ea5d534c5db84d2ab9c08e62b7_1621847858502215976.jpeg,4.3,"[1.43764474, 103.8076428]",7,6
15838,Ding Ji,Ding Ji - Woodlands Drive 16,"[""Local"", ""Asian"", ""Noodles""]",1.4310839270036029,103.7988017,https://d1sag4ddilekf6.cloudfront.net/compressed/merchants/4-CZEKBBVWJ22JTE/hero/bf0391c36099454ca8fd75c182638764_1620016700531637086.jpeg,4.0,"[1.4310839270036029, 103.7988017]",7,6
15839,Cheers (FairPrice Xpress),Cheers (FairPrice Xpress) - Vista Point,"[""Mart"", ""Groceries"", ""Beverages"", ""Convenience""]",1.43145,103.79389453357491,https://d1sag4ddilekf6.cloudfront.net/compressed/merchants/4-C2JDLJTENATGGA/hero/478e6279567b46909e89f0e2f195a79d_1621875390345293580.jpg,4.7,"[1.43145, 103.79389453357491]",7,6
15843,Unity,Unity - Vista Point,"[""Wellness"", ""Pharmacy"", ""Mart"", ""Health & Beauty"", ""Pharmacy/Health""]",1.4310797,103.79370992424197,https://d1sag4ddilekf6.cloudfront.net/compressed/merchants/4-CZLGVLKAAPDEAA/hero/a1cdafdb041c4c48a08d3439d02cc9d2_1594965512960252447.jpeg,4.7,"[1.4310797, 103.79370992424197]",7,6
15844,Amigo's,Amigo's - Woodlands Drive 16,"[""Western"", ""Halal"", ""Kids Friendly"", ""Fast Food"", ""Pasta""]",1.4310930692626869,103.79871860804082,https://d1sag4ddilekf6.cloudfront.net/compressed/merchants/4-CZBXA22EFBD3LT/hero/be8917dead534b9b8504b9e8a3cc5f8c_1583978049972643525.png,4.3,"[1.4310930692626869, 103.79871860804082]",7,6
15845,Yu Kee Duck Rice,Yu Kee Duck Rice - Kampung Admiralty,"[""Chinese"", ""Duck"", ""Chicken""]",1.4398095,103.8006778,https://d1sag4ddilekf6.cloudfront.net/compressed/merchants/4-C2B1UE4UREAAV6/hero/27773a3c1f7a4a9ca123e0570e1f5eed_1606213503281633419.jpeg,4.3,"[1.4398095, 103.8006778]",7,6
15846,Ah Di Claypot Delights,Ah Di Claypot Delights - Woodlands Drive 73,"[""Local"", ""Asian"", ""Chinese""]",1.4407042666666665,103.80650625,https://d1sag4ddilekf6.cloudfront.net/compressed/merchants/4-CZCKLYKBEY4GAJ/hero/efa59c6350eb40fe8cb6e85f944ab062_1584955524983813800.jpg,4.3,"[1.4407042666666665, 103.80650625]",7,6
15924,Swee Heng Bakery,Swee Heng Bakery - Causeway Point,"[""Bakery & Cake"", ""Breakfast & Brunch"", ""Halal""]",1.435564,103.785429,https://d1sag4ddilekf6.cloudfront.net/compressed/merchants/4-C2UBVKD2EPJKGN/hero/794ff6e186e84c358b1b78a02cd13220_1622192478323336247.jpg,,"[1.435564, 103.785429]",7,6
15926,MOS Burger,MOS Burger - Causeway Point,"[""Burger"", ""Fast Food""]",1.4355682475170255,103.78556804538675,https://d1sag4ddilekf6.cloudfront.net/compressed/merchants/4-CZD3NN2WFE4FSA/hero/48bbd6cd2c1642b4b23b4dcd98ccf314_1621396070294054949.jpg,4.3,"[1.4355682475170255, 103.78556804538675]",7,6
15928,Dunkin' Donuts,Dunkin' Donuts - Causeway Point,"[""Snack"", ""Coffee"", ""Bakery"", ""Beverages"", ""Tea""]",1.435883020183823,103.78584544838924,https://d1sag4ddilekf6.cloudfront.net/compressed/merchants/SGDD07928/hero/dunkinHERO.png,4.7,"[1.435883020183823, 103.78584544838924]",7,6
15930,Ji De Chi Dessert,Ji De Chi Dessert 记得吃甜品 -  Woods Square,"[""Dessert""]",1.435383821383013,103.78618145767253,https://d1sag4ddilekf6.cloudfront.net/compressed/merchants/4-C2DDATXTBE2KRE/hero/e2bb0e0ad6ab4a308c319f8f7546814d_1606360485523010608.png,4.3,"[1.435383821383013, 103.78618145767253]",7,6
15931,Yole,Yole - Causeway Point,"[""Ice Cream"", ""Snacks"", ""Yogurt"", ""Dessert"", ""Mart""]",1.435949625,103.78616945,https://d1sag4ddilekf6.cloudfront.net/compressed/merchants/4-CYVGMB4AR63GUA/hero/c6929d2433ce483899bc6622a753682c_1613618833668832293.jpeg,4.7,"[1.435949625, 103.78616945]",7,6
15933,Bee Cheng Hiang,Bee Cheng Hiang - Causeway Point,"[""Mart"", ""Chinese"", ""Snacks"", ""Asian""]",1.4359794025970372,103.78625189966304,https://d1sag4ddilekf6.cloudfront.net/compressed/merchants/SGDD10519/hero/d098c235d56d4f35aff39aa34709a35b_1586851480595511375.png,4.8,"[1.4359794025970372, 103.78625189966304]",7,6
15936,Twelve Cupcakes,Twelve Cupcakes - Causeway Point #B1-01,"[""Snacks"", ""Bakery"", ""Dessert"", ""Mart"", ""Cake""]",1.4360549,103.78632231428573,https://d1sag4ddilekf6.cloudfront.net/compressed/merchants/4-CZB3VA3TFENUGT/hero/a14e668f71b54eec8c81e0efce609f8f_1584008176991941103.jpeg,4.3,"[1.4360549, 103.78632231428573]",7,6
15938,Starbucks,Starbucks - Woodlands Exchange Mrt,"[""Beverages"", ""Snack"", ""Coffee"", ""Bakery"", ""Tea""]",1.4366134,103.78674182295798,https://d1sag4ddilekf6.cloudfront.net/compressed/merchants/SGDD11406/hero/4d7e0e56744a4e548429fede4fec041d_1618363820597002059.jpeg,4.4,"[1.4366134, 103.78674182295798]",7,6
15939,KFC,KFC - 888 Plaza,"[""Halal"", ""Fast Food"", ""Western"", ""Burger"", ""Chicken""]",1.437433362007141,103.79530990123747,https://d1sag4ddilekf6.cloudfront.net/compressed/merchants/4-CY3TDGKXTZDUKE/hero/6942d1e5a5c9489ab5060fdfc84000e4_1598860319755850235.jpeg,4.0,"[1.437433362007141, 103.79530990123747]",7,6
15943,Green Box,Green Box - Republic Polytechnic,"[""Healthy"", ""Pasta"", ""Salad"", ""Vegetarian Friendly""]",1.44248,103.78636,https://d1sag4ddilekf6.cloudfront.net/compressed/merchants/4-C2TYCJXDMBWACX/hero/a4bf89fca86d475c9dbc69eda9c48e7a_1621512283701268163.jpg,,"[1.44248, 103.78636]",7,6
15944,Xiang Wei MALA HOT POT,Xiang Wei MALA HOT POT - Woodlands Drive 50,"[""Chicken"", ""Chinese"", ""Seafood"", ""Noodles"", ""Same Prices In-Store""]",1.4365484,103.78919089533036,https://d1sag4ddilekf6.cloudfront.net/compressed/merchants/4-CY2VENDWA6NCC2/hero/1fc6cb739acf45ebb167d86154700c28_1571223076185647556.jpg,4.3,"[1.4365484, 103.78919089533036]",7,6
15946,Hup Kee Roast Duck,Hup Kee Roast Duck - Woodlands Drive 14,"[""Chinese""]",1.43406437,103.78997383,https://d1sag4ddilekf6.cloudfront.net/compressed/merchants/4-C2JGVCEGJFM1ME/hero/66717f2215c14c4eac47dc70887294c2_1610690886528781283.jpg,4.0,"[1.43406437, 103.78997383]",7,6
15948,Yi Jia Bento,Yi Jia Bento - Woodlands Drive 14,"[""Chinese"", ""Seafood"", ""Chicken""]",1.43411805,103.79008500182996,https://d1sag4ddilekf6.cloudfront.net/compressed/merchants/4-CY5ERU4WGNX3RE/hero/db394e85e63d48cab5aac3ebdddf0f6e_1579657495666930563.jpeg,4.4,"[1.43411805, 103.79008500182996]",7,6
15950,New Odense Bakery,New Odense Bakery - Woodlands North Plaza,"[""Bakery & Cake"", ""Bubble Tea"", ""Snacks""]",1.4423836,103.79066952581758,https://d1sag4ddilekf6.cloudfront.net/compressed/merchants/4-C2EVEYXTVU3ZJT/hero/9002dc4111ca4b2480ab08a37e1b6c4f_1611549790599849133.jpg,4.4,"[1.4423836, 103.79066952581758]",7,6
15954,Texas Lone Star,Texas Lone Star - Vista Point,"[""Western""]",1.43081258,103.7935687,https://d1sag4ddilekf6.cloudfront.net/compressed/merchants/4-C2JZG6VJBBWKVJ/hero/6336157677a24c2eb96d8def08f9b40a_1612259368655348673.jpeg,4.3,"[1.43081258, 103.7935687]",7,6
15956,Soya Bingsu,Soya Bingsu - Vista Point,"[""Beverages"", ""Dessert"", ""Ice Cream"", ""Snack"", ""Thai""]",1.4311938,103.7944203,https://d1sag4ddilekf6.cloudfront.net/compressed/merchants/4-C2TAVYN1LNUKHA/hero/5e902643840046a584611c2502eee527_1620095597636419380.jpg,5.0,"[1.4311938, 103.7944203]",7,6
15959,El Nahl Honey,El Nahl Honey - Woodlands Close,"[""Gifts"", ""Mart"", ""Wellness""]",1.43512166721,103.803501552782,https://d1sag4ddilekf6.cloudfront.net/compressed/merchants/4-C2NJWBNZMGMJV2/hero/6ccaf0c9e93146d9a14577685c8bc295_1618912726592694615.jpeg,,"[1.43512166721, 103.803501552782]",7,6
15977,Long John Silver's,Long John Silver's - Kampung Admiralty,"[""Fast Food"", ""Chicken"", ""Seafood"", ""Japanese"", ""Halal""]",1.4400279341424491,103.80083316564576,https://d1sag4ddilekf6.cloudfront.net/compressed/merchants/SGDD01751/hero/b5cc9252c50445ba895b855fd6c275b6_1618372299436932697.jpeg,4.2,"[1.4400279341424491, 103.80083316564576]",7,6
15978,McDonald's,McDonald's - Causeway Point,"[""Chicken"", ""Fast Food"", ""Halal"", ""Burger""]",1.436501019973079,103.78640991759124,https://d1sag4ddilekf6.cloudfront.net/compressed/merchants/SGDD04986/hero/513f331ae7aa4d91a935709087f192a7_1622082415660317935.jpeg,4.4,"[1.436501019973079, 103.78640991759124]",7,6
15980,Cheers (FairPrice Xpress),Cheers (FairPrice Xpress) - Woodlands MRT Station,"[""Groceries"", ""Mart"", ""Local"", ""Convenience""]",1.4368499384235274,103.7861740624096,https://d1sag4ddilekf6.cloudfront.net/compressed/merchants/4-CZCUFFEGPGJDTA/hero/dd2f58b983c943598745d6b4d6b7a3d3_1621875391151882705.jpg,4.5,"[1.4368499384235274, 103.7861740624096]",7,6
15991,Hot Tomato,Hot Tomato - Causeway Point,"[""Western"", ""Salad"", ""Pasta""]",1.4356994228840123,103.7854377181818,https://d1sag4ddilekf6.cloudfront.net/compressed/merchants/4-CZDVTBBYCGNKHE/hero/efab51883cf0421ca23c4ab281189981_1587455903570074730.jpeg,4.4,"[1.4356994228840123, 103.7854377181818]",7,6
15992,Saizeriya,Saizeriya - Woods Square,"[""Western"", ""Pizza & Pasta"", ""Soup""]",1.4350494004719485,103.78603907349569,https://d1sag4ddilekf6.cloudfront.net/compressed/merchants/4-C2CYVLNTMELXUA/hero/1b23554cc0af4d788766fce019e83e5d_1615267322426600729.jpeg,4.4,"[1.4350494004719485, 103.78603907349569]",7,6
15993,Pho Street,Pho Street - Woods Square,"[""Vietnamese"", ""Asian"", ""Noodles"", ""Soup""]",1.4353202125000002,103.7861722,https://d1sag4ddilekf6.cloudfront.net/compressed/merchants/4-C2C1RNK2NNLZRN/hero/162a9ba5be854222acb0c96445171d68_1605779023336175362.png,4.1,"[1.4353202125000002, 103.7861722]",7,6
15994,Putien,Putien - Causeway Point,"[""Chinese"", ""Asian"", ""Seafood""]",1.436033,103.786165,https://d1sag4ddilekf6.cloudfront.net/compressed/merchants/4-C2TZNNVGJFNHTJ/hero/cdc7f19e00f4428fae671367f4164246_1621758652558696092.jpeg,,"[1.436033, 103.786165]",7,6
15995,Old Chang Kee,Old Chang Kee - Causeway Point,"[""Halal"", ""Snack"", ""Local"", ""Finger Food"", ""Asian""]",1.4363465590693254,103.7863132,https://d1sag4ddilekf6.cloudfront.net/compressed/merchants/4-CYN2GYUUTFWAPE/hero/6c43b6af53324895b331deead59faf21_1561689739424108080.jpeg,4.6,"[1.4363465590693254, 103.7863132]",7,6
15996,Wan Xing Mala Hotpot,Wan Xing Mala Hotpot - Woodlands MRT Station,"[""Asian"", ""Chinese"", ""Seafood""]",1.437346,103.787217,https://d1sag4ddilekf6.cloudfront.net/compressed/merchants/4-C2TVMBN3NPDWAE/hero/a224426153d34600bae7fa1ba0f1bd83_1621332712423386419.jpeg,4.0,"[1.437346, 103.787217]",7,6
15997,Golden Rooster,Golden Rooster - 888 Plaza,"[""Western"", ""Chicken"", ""Pasta""]",1.4380888194860404,103.79537517592604,https://d1sag4ddilekf6.cloudfront.net/compressed/merchants/4-CZADLXAVCVBFGJ/hero/ec117ef7391c4c5b99baf3c7f5665f93_1580435550143292348.jpeg,4.3,"[1.4380888194860404, 103.79537517592604]",7,6
15998,Ah Lock & Co,Ah Lock & Co - Woodlands Drive 16 (Halal),"[""Chinese"", ""Japanese"", ""Chicken"", ""Western"", ""Bread""]",1.4310694,103.7987949,https://d1sag4ddilekf6.cloudfront.net/compressed/merchants/4-CZDJGLBETLEHME/hero/26cb1db9e9c343e9b97a7a4a90f01108_1587960712770113621.jpeg,4.3,"[1.4310694, 103.7987949]",7,6
16003,Mr. Sehu Food Palace,Mr. Sehu Food Palace - Kampung Admiralty,"[""Local"", ""Asian"", ""Same Prices In-Store"", ""Singaporean""]",1.4395491714285715,103.80036888069522,https://d1sag4ddilekf6.cloudfront.net/compressed/merchants/4-CZJ2NZDVCKMUGX/hero/e2574207750541fcb7ace1e4a1c8fbdc_1591865875919280737.jpg,4.2,"[1.4395491714285715, 103.80036888069522]",7,6
16004,Warong Kim's Goreng Delights,Warong Kim's Goreng Delights - Kampung Admiralty,"[""Chinese"", ""Asian"", ""Seafood""]",1.43956485,103.80048455,https://d1sag4ddilekf6.cloudfront.net/compressed/merchants/SGDD07255/hero/Warong_Kims_Goreng_Delights_Hero_16x9.jpg,3.6,"[1.43956485, 103.80048455]",7,6
16011,Hai Zhong Bao Live Seafood,Hai Zhong Bao Live Seafood - Woodlands 11,"[""Chinese"", ""Dessert"", ""Seafood"", ""Asian"", ""Local""]",1.4357383333333331,103.80320195,https://d1sag4ddilekf6.cloudfront.net/compressed/merchants/SGDD01535/hero/upload-photo-Hero_Photo_518531bd6dff497abbcfffb346806053_1554975876257541164.jpeg,4.4,"[1.4357383333333331, 103.80320195]",7,6
16012,Simply D & H,Simply D & H - Woodlands Ave 6,"[""Burgers"", ""Halal"", ""Pasta"", ""Western""]",1.43810734971122,103.803758128884,https://d1sag4ddilekf6.cloudfront.net/compressed/merchants/4-C2UBCNVVAKNZAE/hero/bbc4aacc62dd4233b857a363572a8861_1622126936905437642.jpeg,,"[1.43810734971122, 103.803758128884]",7,6
16013,Li Yuan Seafood,Li Yuan Seafood - Woodlands,"[""Chinese"", ""Seafood"", ""Snack""]",1.4357793666666667,103.8053634,https://d1sag4ddilekf6.cloudfront.net/compressed/merchants/SGDD00698/hero/upload-photo-Hero_Photo_7d79643a57e941e7963b54bda5642a32_1555046026003002970.jpeg,4.3,"[1.4357793666666667, 103.8053634]",7,6
16014,Shi Ye Japanese Korean Cuisine,Shi Ye Japanese Korean Cuisine - Mega-Woodlands,"[""Japanese"", ""Korean"", ""Asian""]",1.4375134,103.8074729,https://d1sag4ddilekf6.cloudfront.net/compressed/merchants/4-CZC2VKWVCFNAGT/hero/aa45eac591c94049b30a1f3dcd654f71_1587800232697938522.jpeg,4.2,"[1.4375134, 103.8074729]",7,6
16022,KFC,KFC - Causeway Point,"[""Halal"", ""Fast Food"", ""Western"", ""Burger"", ""Chicken""]",1.4359891,103.7863357067108,https://d1sag4ddilekf6.cloudfront.net/compressed/merchants/4-CY3TC8ETVU5GVE/hero/cce262944cf24210bf0b1855f44c28e7_1598860332944854239.jpeg,4.2,"[1.4359891, 103.7863357067108]",7,6
16023,Yes! Nasi Kukus,Yes! Nasi Kukus - Woodlands Drive 16,"[""Local"", ""Halal""]",1.4310768,103.7987957,https://d1sag4ddilekf6.cloudfront.net/compressed/merchants/4-CYUZDAWDCGCDGA/hero/3b67b2bd2a6b411f871ba34a3c7f3237_1565173672517291263.jpeg,4.5,"[1.4310768, 103.7987957]",7,6
16024,Maki-San,Maki-San - Kampung Admiralty,"[""Japanese"", ""Sushi"", ""Halal"", ""Healthy""]",1.4397555,103.80100870132443,https://d1sag4ddilekf6.cloudfront.net/compressed/merchants/SGDD11856/hero/0e99c149e4b549c0b9f800dac8de3ad4_1605060813937998919.jpeg,4.4,"[1.4397555, 103.80100870132443]",7,6
16075,Pizza Hut,Pizza Hut - Woodlands Drive 50,"[""Pizza"", ""Halal"", ""Fast Food"", ""Western"", ""Pasta""]",1.4373161792755125,103.79532535,https://d1sag4ddilekf6.cloudfront.net/compressed/merchants/4-CY3KNAJJJA4HLX/hero/84dc699d44874151ba686d1a6c5e8d80_1591695214200386650.png,4.2,"[1.4373161792755125, 103.79532535]",7,6
16090,Sunshine Mart,Sunshine Mart - Woodlands Close,"[""Groceries"", ""Mart""]",1.4384416666666666,103.8065184,https://d1sag4ddilekf6.cloudfront.net/compressed/merchants/4-CZNGCKKKSCDGHE/hero/d55e00a9dca7463ba1ad425efe82e61c_1598625294065218701.jpeg,4.4,"[1.4384416666666666, 103.8065184]",7,6
16091,Mr Bean,Mr Bean - Kampung Admiralty,"[""Snack"", ""Dessert"", ""Breakfast & Brunch"", ""Beverages"", ""Healthy""]",1.439702952616788,103.800812,https://d1sag4ddilekf6.cloudfront.net/compressed/merchants/SGDD08480/hero/89a79720893446ca979a3d00a29da446_1602235032281362109.jpeg,4.4,"[1.439702952616788, 103.800812]",7,6
